system,kind,parameter_count,initial_count,trajectories,repeat,method,threads,output,save_count,seconds,accepted_steps,rejected_steps,rhs_calls,trajectories_per_second
r0,rabi_narrow,1,1,1,0,independent_serial,1,photon_integral,1,0.0041177000384777784,66,1,403,242.85401817896323
r0,rabi_narrow,1,1,1,0,independent_rayon,4,photon_integral,1,0.004535999847576022,66,1,403,220.45856119999357
r0,rabi_narrow,1,1,1,0,shared_serial,1,photon_integral,1,0.00433659995906055,66,1,403,230.59539949279363
r0,rabi_narrow,1,1,1,1,independent_serial,1,photon_integral,1,0.004155700094997883,66,1,403,240.63334146842698
r0,rabi_narrow,1,1,1,1,independent_rayon,4,photon_integral,1,0.004298599902540445,66,1,403,232.6338860727667
r0,rabi_narrow,1,1,1,1,shared_serial,1,photon_integral,1,0.004183300072327256,66,1,403,239.04572531505715
r0,rabi_narrow,1,4,4,0,independent_serial,1,photon_integral,1,0.009635099908336997,204,4,1252,415.1487828931494
r0,rabi_narrow,1,4,4,0,independent_rayon,4,photon_integral,1,0.005433599930256605,204,4,1252,736.1601979060497
r0,rabi_narrow,1,4,4,0,shared_serial,1,photon_integral,1,0.020026100100949407,67,2,415,199.73933915422535
r0,rabi_narrow,1,4,4,1,independent_serial,1,photon_integral,1,0.009614399867132306,204,4,1252,416.0426085120883
r0,rabi_narrow,1,4,4,1,independent_rayon,4,photon_integral,1,0.005678100045770407,204,4,1252,704.4609935993614
r0,rabi_narrow,1,4,4,1,shared_serial,1,photon_integral,1,0.020261500030755997,67,2,415,197.4187495460943
r0,rabi_narrow,4,1,4,0,independent_serial,1,photon_integral,1,0.013069799868389964,297,6,1822,306.04906274611153
r0,rabi_narrow,4,1,4,0,independent_rayon,4,photon_integral,1,0.006417799973860383,297,6,1822,623.2665424743602
r0,rabi_narrow,4,1,4,0,shared_serial,1,photon_integral,1,0.020406999858096242,84,4,529,196.01117399983937
r0,rabi_narrow,4,1,4,1,independent_serial,1,photon_integral,1,0.013175100088119507,297,6,1822,303.6030066752171
r0,rabi_narrow,4,1,4,1,independent_rayon,4,photon_integral,1,0.006508100079372525,297,6,1822,614.6186984244498
r0,rabi_narrow,4,1,4,1,shared_serial,1,photon_integral,1,0.020864199846982956,84,4,529,191.71595504911804
r0,rabi_narrow,4,4,16,0,independent_serial,1,photon_integral,1,0.03727520001120865,921,19,5656,429.2398161562862
r0,rabi_narrow,4,4,16,0,independent_rayon,4,photon_integral,1,0.013018199941143394,921,19,5656,1229.0485683379904
r0,rabi_narrow,4,4,16,0,shared_serial,1,photon_integral,1,0.09830650012008846,87,3,541,162.75627736166834
r0,rabi_narrow,4,4,16,1,independent_serial,1,photon_integral,1,0.03771699988283217,921,19,5656,424.21189515878746
r0,rabi_narrow,4,4,16,1,independent_rayon,4,photon_integral,1,0.014293899992480874,921,19,5656,1119.3586081067167
r0,rabi_narrow,4,4,16,1,shared_serial,1,photon_integral,1,0.09867229987867177,87,3,541,162.15290430722428
r0,rabi_narrow,8,1,8,0,independent_serial,1,photon_integral,1,0.024471200071275234,594,12,3644,326.91490309829777
r0,rabi_narrow,8,1,8,0,independent_rayon,4,photon_integral,1,0.00956959999166429,594,12,3644,835.9806059781487
r0,rabi_narrow,8,1,8,0,shared_serial,1,photon_integral,1,0.043820800026878715,84,4,529,182.5617057446002
r0,rabi_narrow,8,1,8,1,independent_serial,1,photon_integral,1,0.024729300057515502,594,12,3644,323.50288853277567
r0,rabi_narrow,8,1,8,1,independent_rayon,4,photon_integral,1,0.010222600074484944,594,12,3644,782.5797685236231
r0,rabi_narrow,8,1,8,1,shared_serial,1,photon_integral,1,0.042312700068578124,84,4,529,189.06852994571452
r0,rabi_narrow,8,4,32,0,independent_serial,1,photon_integral,1,0.08748410013504326,1841,40,11318,365.78075273796924
r0,rabi_narrow,8,4,32,0,independent_rayon,4,photon_integral,1,0.04164359997957945,1841,40,11318,768.4254006784157
r0,rabi_narrow,8,4,32,0,shared_serial,1,photon_integral,1,0.19597109989263117,87,3,541,163.28938306481
r0,rabi_narrow,8,4,32,1,independent_serial,1,photon_integral,1,0.07394860009662807,1841,40,11318,432.7330058741591
r0,rabi_narrow,8,4,32,1,independent_rayon,4,photon_integral,1,0.04026359994895756,1841,40,11318,794.7625160335047
r0,rabi_narrow,8,4,32,1,shared_serial,1,photon_integral,1,0.2030801000073552,87,3,541,157.57329250301242
r0,rabi_narrow,16,1,16,0,independent_serial,1,photon_integral,1,0.047427300130948424,1187,28,7306,337.3584403038639
r0,rabi_narrow,16,1,16,0,independent_rayon,4,photon_integral,1,0.021422799909487367,1187,28,7306,746.8678262225748
r0,rabi_narrow,16,1,16,0,shared_serial,1,photon_integral,1,0.09094300004653633,84,4,529,175.9343763875467
r0,rabi_narrow,16,1,16,1,independent_serial,1,photon_integral,1,0.04786460008472204,1187,28,7306,334.2762703893782
r0,rabi_narrow,16,1,16,1,independent_rayon,4,photon_integral,1,0.023070600116625428,1187,28,7306,693.5233552277592
r0,rabi_narrow,16,1,16,1,shared_serial,1,photon_integral,1,0.09042149991728365,84,4,529,176.94906647906282
r0,rabi_narrow,16,4,64,0,independent_serial,1,photon_integral,1,0.1539533999748528,3679,85,22648,415.7102084816181
r0,rabi_narrow,16,4,64,0,independent_rayon,4,photon_integral,1,0.07878699991852045,3679,85,22648,812.3167536038585
r0,rabi_narrow,16,4,64,0,shared_serial,1,photon_integral,1,0.40381749998778105,87,3,541,158.4874355418885
r0,rabi_narrow,16,4,64,1,independent_serial,1,photon_integral,1,0.16010369989089668,3679,85,22648,399.74091818997977
r0,rabi_narrow,16,4,64,1,independent_rayon,4,photon_integral,1,0.0705186000559479,3679,85,22648,907.5619758365001
r0,rabi_narrow,16,4,64,1,shared_serial,1,photon_integral,1,0.596295999828726,87,3,541,107.3292459087143
r0,rabi_narrow,32,1,32,0,independent_serial,1,photon_integral,1,0.09431380010209978,2373,58,14618,339.29287087741426
r0,rabi_narrow,32,1,32,0,independent_rayon,4,photon_integral,1,0.04173609986901283,2373,58,14618,766.7223363091134
r0,rabi_narrow,32,1,32,0,shared_serial,1,photon_integral,1,0.16742830001749098,84,4,529,191.12658969037497
r0,rabi_narrow,32,1,32,1,independent_serial,1,photon_integral,1,0.10669589997269213,2373,58,14618,299.9178038536637
r0,rabi_narrow,32,1,32,1,independent_rayon,4,photon_integral,1,0.05110499984584749,2373,58,14618,626.1618255850585
r0,rabi_narrow,32,1,32,1,shared_serial,1,photon_integral,1,0.16740039992146194,84,4,529,191.15844415552897
r0,rabi_narrow,32,4,128,0,independent_serial,1,photon_integral,1,0.29212759993970394,7356,171,45290,438.1646925056708
r0,rabi_narrow,32,4,128,0,independent_rayon,4,photon_integral,1,0.1359679999295622,7356,171,45290,941.3979764820398
r0,rabi_narrow,32,4,128,0,shared_serial,1,photon_integral,1,0.8163463999517262,87,3,541,156.79618359016362
r0,rabi_narrow,32,4,128,1,independent_serial,1,photon_integral,1,0.2975059999153018,7356,171,45290,430.24342378453156
r0,rabi_narrow,32,4,128,1,independent_rayon,4,photon_integral,1,0.13141839997842908,7356,171,45290,973.9884218725066
r0,rabi_narrow,32,4,128,1,shared_serial,1,photon_integral,1,0.8094352998305112,87,3,541,158.13493682175968
r0,rabi_narrow,64,1,64,0,independent_serial,1,photon_integral,1,0.20843000011518598,4753,116,29278,307.05752513856584
r0,rabi_narrow,64,1,64,0,independent_rayon,4,photon_integral,1,0.08613050007261336,4753,116,29278,743.0584978148743
r0,rabi_narrow,64,1,64,0,shared_serial,1,photon_integral,1,0.3230707999318838,84,4,529,198.0989925845782
r0,rabi_narrow,64,1,64,1,independent_serial,1,photon_integral,1,0.2058631000109017,4753,116,29278,310.8862151430286
r0,rabi_narrow,64,1,64,1,independent_rayon,4,photon_integral,1,0.09667830006219447,4753,116,29278,661.9892981033793
r0,rabi_narrow,64,1,64,1,shared_serial,1,photon_integral,1,0.32610390009358525,84,4,529,196.2564691242064
r0,rabi_narrow,64,4,256,0,independent_serial,1,photon_integral,1,0.5994506999850273,14730,339,90670,427.05763794486217
r0,rabi_narrow,64,4,256,0,independent_rayon,4,photon_integral,1,0.2716794000007212,14730,339,90670,942.2871222452656
r0,rabi_narrow,64,4,256,0,shared_serial,1,photon_integral,1,2.0372061000671238,87,3,541,125.66229798328459
r0,rabi_narrow,64,4,256,1,independent_serial,1,photon_integral,1,0.5925123000051826,14730,339,90670,432.05854122819187
r0,rabi_narrow,64,4,256,1,independent_rayon,4,photon_integral,1,0.26459569996222854,14730,339,90670,967.5138335072884
r0,rabi_narrow,64,4,256,1,shared_serial,1,photon_integral,1,1.976420999970287,87,3,541,129.52705926715444
r0,rabi_narrow,128,1,128,0,independent_serial,1,photon_integral,1,0.40921269985847175,9503,233,58544,312.7957662219903
r0,rabi_narrow,128,1,128,0,independent_rayon,4,photon_integral,1,0.17913890001364052,9503,233,58544,714.5293400275062
r0,rabi_narrow,128,1,128,0,shared_serial,1,photon_integral,1,0.7048983001150191,84,4,529,181.58647847372322
r0,rabi_narrow,128,1,128,1,independent_serial,1,photon_integral,1,0.3701617999467999,9503,233,58544,345.794730894426
r0,rabi_narrow,128,1,128,1,independent_rayon,4,photon_integral,1,0.17275799997150898,9503,233,58544,740.9208257858368
r0,rabi_narrow,128,1,128,1,shared_serial,1,photon_integral,1,1.0211367001757026,84,4,529,125.35050398049114
r0,rabi_narrow,128,4,512,0,independent_serial,1,photon_integral,1,1.222178200026974,29450,685,181322,418.924179787121
r0,rabi_narrow,128,4,512,0,independent_rayon,4,photon_integral,1,0.5694601000286639,29450,685,181322,899.097232579119
r0,rabi_narrow,128,4,512,0,shared_serial,1,photon_integral,1,5.058730199933052,87,3,541,101.2111695553117
r0,rabi_narrow,128,4,512,1,independent_serial,1,photon_integral,1,1.1914670001715422,29450,685,181322,429.72235062010486
r0,rabi_narrow,128,4,512,1,independent_rayon,4,photon_integral,1,0.5149100001435727,29450,685,181322,994.348526649781
r0,rabi_narrow,128,4,512,1,shared_serial,1,photon_integral,1,4.864966999972239,87,3,541,105.24223494279029
r0,rabi_broad,1,1,1,0,independent_serial,1,photon_integral,1,0.002445999998599291,6,0,37,408.83074430607235
r0,rabi_broad,1,1,1,0,independent_rayon,4,photon_integral,1,0.002505699871107936,6,0,37,399.09009515885623
r0,rabi_broad,1,1,1,0,shared_serial,1,photon_integral,1,0.0023884999100118876,6,0,37,418.6728229749119
r0,rabi_broad,1,1,1,1,independent_serial,1,photon_integral,1,0.0022923999931663275,6,0,37,436.22404596973143
r0,rabi_broad,1,1,1,1,independent_rayon,4,photon_integral,1,0.002159199910238385,6,0,37,463.13451351042136
r0,rabi_broad,1,1,1,1,shared_serial,1,photon_integral,1,0.0023944999556988478,6,0,37,417.6237287538995
r0,rabi_broad,1,4,4,0,independent_serial,1,photon_integral,1,0.003091600025072694,24,0,148,1293.8284278562026
r0,rabi_broad,1,4,4,0,independent_rayon,4,photon_integral,1,0.0028093999717384577,24,0,148,1423.7915712388929
r0,rabi_broad,1,4,4,0,shared_serial,1,photon_integral,1,0.004246599972248077,6,0,37,941.9300207555148
r0,rabi_broad,1,4,4,1,independent_serial,1,photon_integral,1,0.0035085000563412905,24,0,148,1140.088338539533
r0,rabi_broad,1,4,4,1,independent_rayon,4,photon_integral,1,0.002996099879965186,24,0,148,1335.0689764209326
r0,rabi_broad,1,4,4,1,shared_serial,1,photon_integral,1,0.0043339000549167395,6,0,37,922.9562171056679
r0,rabi_broad,4,1,4,0,independent_serial,1,photon_integral,1,0.03847529995255172,541,2,3262,103.96280223761363
r0,rabi_broad,4,1,4,0,independent_rayon,4,photon_integral,1,0.019922300009056926,541,2,3262,200.7800303268975
r0,rabi_broad,4,1,4,0,shared_serial,1,photon_integral,1,0.08146620006300509,266,0,1597,49.10011755680813
r0,rabi_broad,4,1,4,1,independent_serial,1,photon_integral,1,0.030201199930161238,541,2,3262,132.4450687141504
r0,rabi_broad,4,1,4,1,independent_rayon,4,photon_integral,1,0.012696499936282635,541,2,3262,315.04745560382736
r0,rabi_broad,4,1,4,1,shared_serial,1,photon_integral,1,0.05446989997290075,266,0,1597,73.43505315761614
r0,rabi_broad,4,4,16,0,independent_serial,1,photon_integral,1,0.06419830000959337,1670,8,10084,249.22778325296878
r0,rabi_broad,4,4,16,0,independent_rayon,4,photon_integral,1,0.03247070009820163,1670,8,10084,492.75192563175284
r0,rabi_broad,4,4,16,0,shared_serial,1,photon_integral,1,0.3081393998581916,280,0,1681,51.924551055020345
r0,rabi_broad,4,4,16,1,independent_serial,1,photon_integral,1,0.0643807000014931,1670,8,10084,248.52168428782124
r0,rabi_broad,4,4,16,1,independent_rayon,4,photon_integral,1,0.03539970004931092,1670,8,10084,451.98123084976396
r0,rabi_broad,4,4,16,1,shared_serial,1,photon_integral,1,0.2956409000325948,280,0,1681,54.119710764768946
r0,rabi_broad,8,1,8,0,independent_serial,1,photon_integral,1,0.04878220008686185,1100,3,6626,163.9942435100335
r0,rabi_broad,8,1,8,0,independent_rayon,4,photon_integral,1,0.021802800009027123,1100,3,6626,366.9253488858183
r0,rabi_broad,8,1,8,0,shared_serial,1,photon_integral,1,0.13520319992676377,266,0,1597,59.17019718714795
r0,rabi_broad,8,1,8,1,independent_serial,1,photon_integral,1,0.04318590019829571,1100,3,6626,185.24564645559275
r0,rabi_broad,8,1,8,1,independent_rayon,4,photon_integral,1,0.026943699922412634,1100,3,6626,296.9154207861907
r0,rabi_broad,8,1,8,1,shared_serial,1,photon_integral,1,0.12070670002140105,266,0,1597,66.27635415914457
r0,rabi_broad,8,4,32,0,independent_serial,1,photon_integral,1,0.1307811001315713,3389,12,20438,244.68367346510047
r0,rabi_broad,8,4,32,0,independent_rayon,4,photon_integral,1,0.06848370004445314,3389,12,20438,467.2644728487016
r0,rabi_broad,8,4,32,0,shared_serial,1,photon_integral,1,0.6415570999961346,280,0,1681,49.878646811317026
r0,rabi_broad,8,4,32,1,independent_serial,1,photon_integral,1,0.12946620001457632,3389,12,20438,247.16875907686477
r0,rabi_broad,8,4,32,1,independent_rayon,4,photon_integral,1,0.0601088001858443,3389,12,20438,532.3679710967853
r0,rabi_broad,8,4,32,1,shared_serial,1,photon_integral,1,0.6196756998542696,280,0,1681,51.639914244701714
r0,rabi_broad,16,1,16,0,independent_serial,1,photon_integral,1,0.09833159996196628,2217,10,13378,162.71473266161283
r0,rabi_broad,16,1,16,0,independent_rayon,4,photon_integral,1,0.04308059997856617,2217,10,13378,371.39687023765816
r0,rabi_broad,16,1,16,0,shared_serial,1,photon_integral,1,0.24596899980679154,267,0,1603,65.04884767010472
r0,rabi_broad,16,1,16,1,independent_serial,1,photon_integral,1,0.08774000010453165,2217,10,13378,182.35696353929708
r0,rabi_broad,16,1,16,1,independent_rayon,4,photon_integral,1,0.03941860003396869,2217,10,13378,405.8997525587443
r0,rabi_broad,16,1,16,1,shared_serial,1,photon_integral,1,0.25224649999290705,267,0,1603,63.430017861298
r0,rabi_broad,16,4,64,0,independent_serial,1,photon_integral,1,0.30158259999006987,6830,30,41224,212.21383462476717
r0,rabi_broad,16,4,64,0,independent_rayon,4,photon_integral,1,0.13097850000485778,6830,30,41224,488.62981327184497
r0,rabi_broad,16,4,64,0,shared_serial,1,photon_integral,1,1.2941036000847816,282,0,1693,49.45508226374389
r0,rabi_broad,16,4,64,1,independent_serial,1,photon_integral,1,0.26532220002263784,6830,30,41224,241.21615151140531
r0,rabi_broad,16,4,64,1,independent_rayon,4,photon_integral,1,0.1375744000542909,6830,30,41224,465.2028282496142
r0,rabi_broad,16,4,64,1,shared_serial,1,photon_integral,1,1.2374203000217676,282,0,1693,51.72050272560921
r0,rabi_broad,32,1,32,0,independent_serial,1,photon_integral,1,0.17126649990677834,4455,30,26942,186.84331154906442
r0,rabi_broad,32,1,32,0,independent_rayon,4,photon_integral,1,0.08431119984015822,4455,30,26942,379.5462531747543
r0,rabi_broad,32,1,32,0,shared_serial,1,photon_integral,1,0.5120864999480546,269,0,1615,62.48944270791369
r0,rabi_broad,32,1,32,1,independent_serial,1,photon_integral,1,0.20292509999126196,4455,30,26942,157.6936515067773
r0,rabi_broad,32,1,32,1,independent_rayon,4,photon_integral,1,0.08318560011684895,4455,30,26942,384.681963645755
r0,rabi_broad,32,1,32,1,shared_serial,1,photon_integral,1,0.44862050004303455,269,0,1615,71.3297764969063
r0,rabi_broad,32,4,128,0,independent_serial,1,photon_integral,1,0.5410010998602957,13725,79,82952,236.59840993494066
r0,rabi_broad,32,4,128,0,independent_rayon,4,photon_integral,1,0.26686240010894835,13725,79,82952,479.6479382173853
r0,rabi_broad,32,4,128,0,shared_serial,1,photon_integral,1,2.6132755998987705,285,0,1711,48.98067391168321
r0,rabi_broad,32,4,128,1,independent_serial,1,photon_integral,1,0.5892105998937041,13725,79,82952,217.23981208602103
r0,rabi_broad,32,4,128,1,independent_rayon,4,photon_integral,1,0.263914099894464,13725,79,82952,485.0062958030117
r0,rabi_broad,32,4,128,1,shared_serial,1,photon_integral,1,2.566792600089684,285,0,1711,49.867683113753586
r0,rabi_broad,64,1,64,0,independent_serial,1,photon_integral,1,0.3496550000272691,8931,55,53980,183.03756558610266
r0,rabi_broad,64,1,64,0,independent_rayon,4,photon_integral,1,0.15821929997764528,8931,55,53980,404.50185286524794
r0,rabi_broad,64,1,64,0,shared_serial,1,photon_integral,1,0.8768141001928598,270,0,1621,72.99152692220947
r0,rabi_broad,64,1,64,1,independent_serial,1,photon_integral,1,0.3404927998781204,8931,55,53980,187.96285860643405
r0,rabi_broad,64,1,64,1,independent_rayon,4,photon_integral,1,0.16616929997690022,8931,55,53980,385.14936278179465
r0,rabi_broad,64,1,64,1,shared_serial,1,photon_integral,1,1.1960384000558406,270,0,1621,53.50998763669458
r0,rabi_broad,64,4,256,0,independent_serial,1,photon_integral,1,1.0805436000227928,27509,157,166252,236.9177884118697
r0,rabi_broad,64,4,256,0,independent_rayon,4,photon_integral,1,0.5248186001554132,27509,157,166252,487.78758970088217
r0,rabi_broad,64,4,256,0,shared_serial,1,photon_integral,1,6.713454900076613,286,0,1717,38.13237800958171
r0,rabi_broad,64,4,256,1,independent_serial,1,photon_integral,1,1.0757878001313657,27509,157,166252,237.96514514176454
r0,rabi_broad,64,4,256,1,independent_rayon,4,photon_integral,1,0.528890399960801,27509,157,166252,484.0322305320225
r0,rabi_broad,64,4,256,1,shared_serial,1,photon_integral,1,7.008131900103763,286,0,1717,36.52899283990497
r0,rabi_broad,128,1,128,0,independent_serial,1,photon_integral,1,0.7430422001052648,17880,123,108146,172.264778476736
r0,rabi_broad,128,1,128,0,independent_rayon,4,photon_integral,1,0.34338119998574257,17880,123,108146,372.7635642408922
r0,rabi_broad,128,1,128,0,shared_serial,1,photon_integral,1,2.0268467001151294,270,0,1621,63.15228477453638
r0,rabi_broad,128,1,128,1,independent_serial,1,photon_integral,1,0.8692630000878125,17880,123,108146,147.25117713174205
r0,rabi_broad,128,1,128,1,independent_rayon,4,photon_integral,1,0.33175809984095395,17880,123,108146,385.82328528335455
r0,rabi_broad,128,1,128,1,shared_serial,1,photon_integral,1,1.9750978001393378,270,0,1621,64.80691740478368
r0,rabi_broad,128,4,512,0,independent_serial,1,photon_integral,1,2.1888908999972045,55078,341,333026,233.9084145311463
r0,rabi_broad,128,4,512,0,independent_rayon,4,photon_integral,1,1.0078541999682784,55078,341,333026,508.0099879686118
r0,rabi_broad,128,4,512,0,shared_serial,1,photon_integral,1,14.945352399954572,286,0,1717,34.258141681661264
r0,rabi_broad,128,4,512,1,independent_serial,1,photon_integral,1,2.2770485999062657,55078,341,333026,224.85246912212432
r0,rabi_broad,128,4,512,1,independent_rayon,4,photon_integral,1,0.7649241997860372,55078,341,333026,669.3473682009478
r0,rabi_broad,128,4,512,1,shared_serial,1,photon_integral,1,14.718598900130019,286,0,1717,34.78591973828957
r0,detuning,1,1,1,0,independent_serial,1,photon_integral,1,0.05310280015692115,1235,104,8035,18.831398665323775
r0,detuning,1,1,1,0,independent_rayon,4,photon_integral,1,0.05243819998577237,1235,104,8035,19.07006724623122
r0,detuning,1,1,1,0,shared_serial,1,photon_integral,1,0.05684769991785288,1235,104,8035,17.590861221211036
r0,detuning,1,1,1,1,independent_serial,1,photon_integral,1,0.05194589984603226,1235,104,8035,19.250797521344357
r0,detuning,1,1,1,1,independent_rayon,4,photon_integral,1,0.07292020018212497,1235,104,8035,13.713621157133511
r0,detuning,1,1,1,1,shared_serial,1,photon_integral,1,0.0747276998590678,1235,104,8035,13.381918644437649
r0,detuning,1,4,4,0,independent_serial,1,photon_integral,1,0.1540200999006629,3723,335,24352,25.9706363168174
r0,detuning,1,4,4,0,independent_rayon,4,photon_integral,1,0.09367989981546998,3723,335,24352,42.698593912666134
r0,detuning,1,4,4,0,shared_serial,1,photon_integral,1,0.3508144000079483,1247,45,7753,11.402040508911188
r0,detuning,1,4,4,1,independent_serial,1,photon_integral,1,0.1538720999378711,3723,335,24352,25.99561584988493
r0,detuning,1,4,4,1,independent_rayon,4,photon_integral,1,0.08491920004598796,3723,335,24352,47.103599631576856
r0,detuning,1,4,4,1,shared_serial,1,photon_integral,1,0.36477670003660023,1247,45,7753,10.965612660015445
r0,detuning,4,1,4,0,independent_serial,1,photon_integral,1,0.13418619986623526,3288,222,21064,29.80932468456098
r0,detuning,4,1,4,0,independent_rayon,4,photon_integral,1,0.06799309980124235,3288,222,21064,58.82949904759178
r0,detuning,4,1,4,0,shared_serial,1,photon_integral,1,0.2821527000050992,1235,106,8047,14.176720619464957
r0,detuning,4,1,4,1,independent_serial,1,photon_integral,1,0.1426022001542151,3288,222,21064,28.05005810341115
r0,detuning,4,1,4,1,independent_rayon,4,photon_integral,1,0.09101239987649024,3288,222,21064,43.95005521696231
r0,detuning,4,1,4,1,shared_serial,1,photon_integral,1,0.28150230017490685,1235,106,8047,14.209475366683204
r0,detuning,4,4,16,0,independent_serial,1,photon_integral,1,0.4455950001720339,9922,715,63838,35.90704562174793
r0,detuning,4,4,16,0,independent_rayon,4,photon_integral,1,0.18505930015817285,9922,715,63838,86.45877287077477
r0,detuning,4,4,16,0,shared_serial,1,photon_integral,1,1.633465199964121,1247,45,7753,9.795127560936981
r0,detuning,4,4,16,1,independent_serial,1,photon_integral,1,0.42566789989359677,9922,715,63838,37.58798820394839
r0,detuning,4,4,16,1,independent_rayon,4,photon_integral,1,0.17982110008597374,9922,715,63838,88.97732241850532
r0,detuning,4,4,16,1,shared_serial,1,photon_integral,1,1.4099666997790337,1247,45,7753,11.34778573317191
r0,detuning,8,1,8,0,independent_serial,1,photon_integral,1,0.23059380007907748,5640,352,35960,34.69304030401755
r0,detuning,8,1,8,0,independent_rayon,4,photon_integral,1,0.10643140017054975,5640,352,35960,75.1657874196947
r0,detuning,8,1,8,0,shared_serial,1,photon_integral,1,0.5893327000085264,1235,106,8047,13.574675221456838
r0,detuning,8,1,8,1,independent_serial,1,photon_integral,1,0.2295673000626266,5640,352,35960,34.84816869744767
r0,detuning,8,1,8,1,independent_rayon,4,photon_integral,1,0.10718629998154938,5640,352,35960,74.63640410553482
r0,detuning,8,1,8,1,shared_serial,1,photon_integral,1,0.5848717000335455,1235,106,8047,13.678213528781026
r0,detuning,8,4,32,0,independent_serial,1,photon_integral,1,0.6890805000439286,17028,1107,108842,46.43869620161942
r0,detuning,8,4,32,0,independent_rayon,4,photon_integral,1,0.25103799998760223,17028,1107,108842,127.47074148766463
r0,detuning,8,4,32,0,shared_serial,1,photon_integral,1,2.889907999895513,1247,45,7753,11.073016857684392
r0,detuning,8,4,32,1,independent_serial,1,photon_integral,1,0.8070080000907183,17028,1107,108842,39.652642844188385
r0,detuning,8,4,32,1,independent_rayon,4,photon_integral,1,0.2957258000969887,17028,1107,108842,108.20834702114261
r0,detuning,8,4,32,1,shared_serial,1,photon_integral,1,2.944426199886948,1247,45,7753,10.867991869257464
r0,detuning,16,1,16,0,independent_serial,1,photon_integral,1,0.48265279992483556,10548,700,67504,33.15012365512374
r0,detuning,16,1,16,0,independent_rayon,4,photon_integral,1,0.20133790001273155,10548,700,67504,79.46839615883668
r0,detuning,16,1,16,0,shared_serial,1,photon_integral,1,1.219784899847582,1238,108,8077,13.117066789398097
r0,detuning,16,1,16,1,independent_serial,1,photon_integral,1,0.6553275000769645,10548,700,67504,24.415273276523404
r0,detuning,16,1,16,1,independent_rayon,4,photon_integral,1,0.19496280001476407,10548,700,67504,82.06693789168169
r0,detuning,16,1,16,1,shared_serial,1,photon_integral,1,1.4670190999750048,1238,108,8077,10.906470134078424
r0,detuning,16,4,64,0,independent_serial,1,photon_integral,1,1.3066932000219822,31851,2208,204418,48.97859727051717
r0,detuning,16,4,64,0,independent_rayon,4,photon_integral,1,0.5262122999411076,31851,2208,204418,121.62391492400067
r0,detuning,16,4,64,0,shared_serial,1,photon_integral,1,5.717184700071812,1249,36,7711,11.194320869010252
r0,detuning,16,4,64,1,independent_serial,1,photon_integral,1,1.3178342001046985,31851,2208,204418,48.56453110331737
r0,detuning,16,4,64,1,independent_rayon,4,photon_integral,1,0.4529908001422882,31851,2208,204418,141.28322248464443
r0,detuning,16,4,64,1,shared_serial,1,photon_integral,1,5.571297299815342,1249,36,7711,11.487450149558748
r0,detuning,32,1,32,0,independent_serial,1,photon_integral,1,0.8268713001161814,20431,1126,129374,38.70009757927718
r0,detuning,32,1,32,0,independent_rayon,4,photon_integral,1,0.3387815998867154,20431,1126,129374,94.4561334225366
r0,detuning,32,1,32,0,shared_serial,1,photon_integral,1,2.117727200035006,1245,107,8113,15.110539260897742
r0,detuning,32,1,32,1,independent_serial,1,photon_integral,1,0.850732299964875,20431,1126,129374,37.61465269547332
r0,detuning,32,1,32,1,independent_rayon,4,photon_integral,1,0.3366332999430597,20431,1126,129374,95.05892615321386
r0,detuning,32,1,32,1,shared_serial,1,photon_integral,1,2.286288399947807,1245,107,8113,13.996484433342056
r0,detuning,32,4,128,0,independent_serial,1,photon_integral,1,2.626699100015685,61705,3689,392492,48.730362758047036
r0,detuning,32,4,128,0,independent_rayon,4,photon_integral,1,1.0090558000374585,61705,3689,392492,126.85126035175492
r0,detuning,32,4,128,0,shared_serial,1,photon_integral,1,11.341116399969906,1258,22,7681,11.28636683425096
r0,detuning,32,4,128,1,independent_serial,1,photon_integral,1,2.5318130999803543,61705,3689,392492,50.556654439063145
r0,detuning,32,4,128,1,independent_rayon,4,photon_integral,1,0.9677522999700159,61705,3689,392492,132.26525010993603
r0,detuning,32,4,128,1,shared_serial,1,photon_integral,1,11.933999500004575,1258,22,7681,10.725658233851187
r0,detuning,64,1,64,0,independent_serial,1,photon_integral,1,1.6774506999645382,40242,2421,256042,38.15313320466168
r0,detuning,64,1,64,0,independent_rayon,4,photon_integral,1,0.7626903001219034,40242,2421,256042,83.91348361159262
r0,detuning,64,1,64,0,shared_serial,1,photon_integral,1,4.312685700133443,1255,98,8119,14.83994068893537
r0,detuning,64,1,64,1,independent_serial,1,photon_integral,1,2.0980463000014424,40242,2421,256042,30.504569894361243
r0,detuning,64,1,64,1,independent_rayon,4,photon_integral,1,0.7220442001707852,40242,2421,256042,88.6372329905317
r0,detuning,64,1,64,1,shared_serial,1,photon_integral,1,4.70794520014897,1255,98,8119,13.59404098373424
r0,detuning,64,4,256,0,independent_serial,1,photon_integral,1,5.292954599950463,121523,7615,775084,48.36618096108286
r0,detuning,64,4,256,0,independent_rayon,4,photon_integral,1,2.1155160998459905,121523,7615,775084,121.01066024438991
r0,detuning,64,4,256,0,shared_serial,1,photon_integral,1,29.281994899967685,1268,22,7741,8.742573751362906
r0,detuning,64,4,256,1,independent_serial,1,photon_integral,1,5.214278299827129,121523,7615,775084,49.095960223006756
r0,detuning,64,4,256,1,independent_rayon,4,photon_integral,1,2.1578406000044197,121523,7615,775084,118.63712268620567
r0,detuning,64,4,256,1,shared_serial,1,photon_integral,1,27.572796100052074,1268,22,7741,9.284513586183467
r0,detuning,128,1,128,0,independent_serial,1,photon_integral,1,3.435950299957767,79863,4861,508472,37.253158173322035
r0,detuning,128,1,128,0,independent_rayon,4,photon_integral,1,1.140144299948588,79863,4861,508472,112.26649118517003
r0,detuning,128,1,128,0,shared_serial,1,photon_integral,1,9.918073499808088,1263,74,8023,12.905732146719497
r0,detuning,128,1,128,1,independent_serial,1,photon_integral,1,3.370029699988663,79863,4861,508472,37.98186110954173
r0,detuning,128,1,128,1,independent_rayon,4,photon_integral,1,1.2516329002100974,79863,4861,508472,102.26640732958849
r0,detuning,128,1,128,1,shared_serial,1,photon_integral,1,10.03698410000652,1263,74,8023,12.752834788282353
r0,detuning,128,4,512,0,independent_serial,1,photon_integral,1,10.21851129992865,241176,15283,1539266,50.105145942694705
r0,detuning,128,4,512,0,independent_rayon,4,photon_integral,1,3.694515199866146,241176,15283,1539266,138.58381202993834
r0,detuning,128,4,512,0,shared_serial,1,photon_integral,1,66.85737169999629,1276,14,7741,7.6580934455134795
r0,detuning,128,4,512,1,independent_serial,1,photon_integral,1,10.164481099927798,241176,15283,1539266,50.37148428596487
r0,detuning,128,4,512,1,independent_rayon,4,photon_integral,1,3.4319084000308067,241176,15283,1539266,149.1881310105491
r0,detuning,128,4,512,1,shared_serial,1,photon_integral,1,66.35005490016192,1276,14,7741,7.716647722001365
r0,doppler_equivalence,1,1,1,0,independent_serial,1,photon_integral,1,0.027612500125542283,629,55,4105,36.21548195394932
r0,doppler_equivalence,1,1,1,0,independent_rayon,4,photon_integral,1,0.02873969986103475,629,55,4105,34.795074577511464
r0,doppler_equivalence,1,1,1,0,shared_serial,1,photon_integral,1,0.030332399997860193,629,55,4105,32.9680473708162
r0,doppler_equivalence,1,1,1,1,independent_serial,1,photon_integral,1,0.028136900160461664,629,55,4105,35.540517764825175
r0,doppler_equivalence,1,1,1,1,independent_rayon,4,photon_integral,1,0.027974999975413084,629,55,4105,35.746201997458044
r0,doppler_equivalence,1,1,1,1,shared_serial,1,photon_integral,1,0.03013239987194538,629,55,4105,33.1868687608598
r0,doppler_equivalence,1,4,4,0,independent_serial,1,photon_integral,1,0.0962769000325352,1900,165,12394,41.54683001476227
r0,doppler_equivalence,1,4,4,0,independent_rayon,4,photon_integral,1,0.05500210006721318,1900,165,12394,72.72449588491995
r0,doppler_equivalence,1,4,4,0,shared_serial,1,photon_integral,1,0.2141228001564741,635,15,3901,18.68086909510303
r0,doppler_equivalence,1,4,4,1,independent_serial,1,photon_integral,1,0.08951850002631545,1900,165,12394,44.683501162599164
r0,doppler_equivalence,1,4,4,1,independent_rayon,4,photon_integral,1,0.054153600009158254,1900,165,12394,73.86397209647254
r0,doppler_equivalence,1,4,4,1,shared_serial,1,photon_integral,1,0.17674869997426867,635,15,3901,22.63100096680952
r0,doppler_equivalence,4,1,4,0,independent_serial,1,photon_integral,1,0.06999059999361634,1688,110,10792,57.15053164803316
r0,doppler_equivalence,4,1,4,0,independent_rayon,4,photon_integral,1,0.036180000053718686,1688,110,10792,110.55831934939062
r0,doppler_equivalence,4,1,4,0,shared_serial,1,photon_integral,1,0.13433780008926988,629,49,4069,29.775684858185322
r0,doppler_equivalence,4,1,4,1,independent_serial,1,photon_integral,1,0.06998359994031489,1688,110,10792,57.15624808399935
r0,doppler_equivalence,4,1,4,1,independent_rayon,4,photon_integral,1,0.053486199816688895,1688,110,10792,74.78564589948509
r0,doppler_equivalence,4,1,4,1,shared_serial,1,photon_integral,1,0.1353607999626547,629,49,4069,29.550652782072635
r0,doppler_equivalence,4,4,16,0,independent_serial,1,photon_integral,1,0.23525069979950786,5108,333,32662,68.01255007375528
r0,doppler_equivalence,4,4,16,0,independent_rayon,4,photon_integral,1,0.10718229995109141,5108,333,32662,149.27837905420014
r0,doppler_equivalence,4,4,16,0,shared_serial,1,photon_integral,1,0.6975360000506043,635,15,3901,22.937884207896428
r0,doppler_equivalence,4,4,16,1,independent_serial,1,photon_integral,1,0.22540840017609298,5108,333,32662,70.9822703479574
r0,doppler_equivalence,4,4,16,1,independent_rayon,4,photon_integral,1,0.09230250003747642,5108,333,32662,173.34308381142137
r0,doppler_equivalence,4,4,16,1,shared_serial,1,photon_integral,1,0.6851234999485314,635,15,3901,23.353453795121567
r0,doppler_equivalence,8,1,8,0,independent_serial,1,photon_integral,1,0.11777630005963147,2928,142,18428,67.92538053877996
r0,doppler_equivalence,8,1,8,0,independent_rayon,4,photon_integral,1,0.050176299875602126,2928,142,18428,159.4378226340668
r0,doppler_equivalence,8,1,8,0,shared_serial,1,photon_integral,1,0.2994890999980271,629,49,4069,26.712157471015477
r0,doppler_equivalence,8,1,8,1,independent_serial,1,photon_integral,1,0.14494569995440543,2928,142,18428,55.19308266831307
r0,doppler_equivalence,8,1,8,1,independent_rayon,4,photon_integral,1,0.05363600002601743,2928,142,18428,149.15355351106362
r0,doppler_equivalence,8,1,8,1,shared_serial,1,photon_integral,1,0.3488280000165105,629,49,4069,22.933938788231877
r0,doppler_equivalence,8,4,32,0,independent_serial,1,photon_integral,1,0.35803049989044666,8868,431,55826,89.37786029344328
r0,doppler_equivalence,8,4,32,0,independent_rayon,4,photon_integral,1,0.14422870008274913,8868,431,55826,221.86984963214994
r0,doppler_equivalence,8,4,32,0,shared_serial,1,photon_integral,1,1.4039207000751048,635,15,3901,22.79331019073094
r0,doppler_equivalence,8,4,32,1,independent_serial,1,photon_integral,1,0.36178510007448494,8868,431,55826,88.45029823895949
r0,doppler_equivalence,8,4,32,1,independent_rayon,4,photon_integral,1,0.14676359994336963,8868,431,55826,218.03771515789717
r0,doppler_equivalence,8,4,32,1,shared_serial,1,photon_integral,1,1.4526122999377549,635,15,3901,22.029277875019517
r0,doppler_equivalence,16,1,16,0,independent_serial,1,photon_integral,1,0.2856340000871569,5498,224,34348,56.015740405966525
r0,doppler_equivalence,16,1,16,0,independent_rayon,4,photon_integral,1,0.09650409989990294,5498,224,34348,165.79606479512992
r0,doppler_equivalence,16,1,16,0,shared_serial,1,photon_integral,1,0.7146048999857157,631,46,4063,22.389994807368133
r0,doppler_equivalence,16,1,16,1,independent_serial,1,photon_integral,1,0.23981639998964965,5498,224,34348,66.71770571441549
r0,doppler_equivalence,16,1,16,1,independent_rayon,4,photon_integral,1,0.10275199986062944,5498,224,34348,155.71473082472409
r0,doppler_equivalence,16,1,16,1,shared_serial,1,photon_integral,1,0.6212251998949796,631,46,4063,25.755555316662715
r0,doppler_equivalence,16,4,64,0,independent_serial,1,photon_integral,1,0.6822267998941243,16654,683,104086,93.8104454558693
r0,doppler_equivalence,16,4,64,0,independent_rayon,4,photon_integral,1,0.2875105000566691,16654,683,104086,222.6005658485009
r0,doppler_equivalence,16,4,64,0,shared_serial,1,photon_integral,1,2.850416800007224,638,6,3865,22.45285671900257
r0,doppler_equivalence,16,4,64,1,independent_serial,1,photon_integral,1,0.6809602999128401,16654,683,104086,93.98492101256375
r0,doppler_equivalence,16,4,64,1,independent_rayon,4,photon_integral,1,0.24578689993359149,16654,683,104086,260.3881655909733
r0,doppler_equivalence,16,4,64,1,shared_serial,1,photon_integral,1,2.7858611999545246,638,6,3865,22.973147406283097
r0,doppler_equivalence,32,1,32,0,independent_serial,1,photon_integral,1,0.422541500069201,10680,387,66434,75.73220617326169
r0,doppler_equivalence,32,1,32,0,independent_rayon,4,photon_integral,1,0.16726529994048178,10680,387,66434,191.31284260026794
r0,doppler_equivalence,32,1,32,0,shared_serial,1,photon_integral,1,1.135446400148794,637,42,4075,28.182748208815998
r0,doppler_equivalence,32,1,32,1,independent_serial,1,photon_integral,1,0.42073799995705485,10680,387,66434,76.05683347657276
r0,doppler_equivalence,32,1,32,1,independent_rayon,4,photon_integral,1,0.15053729992359877,10680,387,66434,212.57190089260772
r0,doppler_equivalence,32,1,32,1,shared_serial,1,photon_integral,1,1.0917449998669326,637,42,4075,29.310873879798233
r0,doppler_equivalence,32,4,128,0,independent_serial,1,photon_integral,1,1.466457099886611,32355,1202,201470,87.28519914418034
r0,doppler_equivalence,32,4,128,0,independent_rayon,4,photon_integral,1,0.5151879000477493,32355,1202,201470,248.45304012019022
r0,doppler_equivalence,32,4,128,0,shared_serial,1,photon_integral,1,5.838638599961996,644,2,3877,21.922918812072588
r0,doppler_equivalence,32,4,128,1,independent_serial,1,photon_integral,1,1.2967932000756264,32355,1202,201470,98.70502096443388
r0,doppler_equivalence,32,4,128,1,independent_rayon,4,photon_integral,1,0.5095027999486774,32355,1202,201470,251.22531223163745
r0,doppler_equivalence,32,4,128,1,shared_serial,1,photon_integral,1,5.963972099823877,644,2,3877,21.462206371451668
r0,doppler_equivalence,64,1,64,0,independent_serial,1,photon_integral,1,0.8305222999770194,21039,692,130450,77.05994167979702
r0,doppler_equivalence,64,1,64,0,independent_rayon,4,photon_integral,1,0.3139233000110835,21039,692,130450,203.87145521769295
r0,doppler_equivalence,64,1,64,0,shared_serial,1,photon_integral,1,2.200090799946338,644,39,4099,29.089708480014103
r0,doppler_equivalence,64,1,64,1,independent_serial,1,photon_integral,1,0.8424909000750631,21039,692,130450,75.96521219908466
r0,doppler_equivalence,64,1,64,1,independent_rayon,4,photon_integral,1,0.3102846001274884,21039,692,130450,206.26225076495567
r0,doppler_equivalence,64,1,64,1,shared_serial,1,photon_integral,1,2.1993972999043763,644,39,4099,29.098880862853903
r0,doppler_equivalence,64,4,256,0,independent_serial,1,photon_integral,1,2.64276049984619,63742,2157,395650,96.8684071125247
r0,doppler_equivalence,64,4,256,0,independent_rayon,4,photon_integral,1,0.8765338000375777,63742,2157,395650,292.0594733357973
r0,doppler_equivalence,64,4,256,0,shared_serial,1,photon_integral,1,14.559753899928182,651,4,3931,17.582714773857735
r0,doppler_equivalence,64,4,256,1,independent_serial,1,photon_integral,1,2.5959487999789417,63742,2157,395650,98.61519610944433
r0,doppler_equivalence,64,4,256,1,independent_rayon,4,photon_integral,1,0.9675153000280261,63742,2157,395650,264.59529889871965
r0,doppler_equivalence,64,4,256,1,shared_serial,1,photon_integral,1,14.734512000111863,651,4,3931,17.37417567667368
r0,doppler_equivalence,128,1,128,0,independent_serial,1,photon_integral,1,1.8092443000059575,41758,1371,258902,70.74777021521002
r0,doppler_equivalence,128,1,128,0,independent_rayon,4,photon_integral,1,0.4993525000754744,41758,1371,258902,256.3319498363451
r0,doppler_equivalence,128,1,128,0,shared_serial,1,photon_integral,1,4.79981579980813,649,35,4105,26.667690040337952
r0,doppler_equivalence,128,1,128,1,independent_serial,1,photon_integral,1,1.6770721001084894,41758,1371,258902,76.32349258670496
r0,doppler_equivalence,128,1,128,1,independent_rayon,4,photon_integral,1,0.5883504999801517,41758,1371,258902,217.5573913922367
r0,doppler_equivalence,128,1,128,1,shared_serial,1,photon_integral,1,4.869266499998048,649,35,4105,26.28732684893121
r0,doppler_equivalence,128,4,512,0,independent_serial,1,photon_integral,1,6.053116999799386,126545,4230,785162,84.58452067207173
r0,doppler_equivalence,128,4,512,0,independent_rayon,4,photon_integral,1,1.8031246999744326,126545,4230,785162,283.95152038417524
r0,doppler_equivalence,128,4,512,0,shared_serial,1,photon_integral,1,34.583951300010085,656,0,3937,14.80455473576412
r0,doppler_equivalence,128,4,512,1,independent_serial,1,photon_integral,1,4.878237799974158,126545,4230,785162,104.95593306310575
r0,doppler_equivalence,128,4,512,1,independent_rayon,4,photon_integral,1,1.3091423001606017,126545,4230,785162,391.0957578386928
r0,doppler_equivalence,128,4,512,1,shared_serial,1,photon_integral,1,32.39183189999312,656,0,3937,15.806453972123409
r0,rabi_straggler,1,1,1,0,independent_serial,1,photon_integral,1,0.028525999980047345,686,1,4123,35.05573864893273
r0,rabi_straggler,1,1,1,0,independent_rayon,4,photon_integral,1,0.03165290015749633,686,1,4123,31.59268171397466
r0,rabi_straggler,1,1,1,0,shared_serial,1,photon_integral,1,0.029937899904325604,686,1,4123,33.40247656635107
r0,rabi_straggler,1,1,1,1,independent_serial,1,photon_integral,1,0.032584100030362606,686,1,4123,30.68981494250807
r0,rabi_straggler,1,1,1,1,independent_rayon,4,photon_integral,1,0.02910650009289384,686,1,4123,34.35658690699619
r0,rabi_straggler,1,1,1,1,shared_serial,1,photon_integral,1,0.02962030004709959,686,1,4123,33.760630324807245
r0,rabi_straggler,1,4,4,0,independent_serial,1,photon_integral,1,0.08204580005258322,2103,3,12640,48.75325729575916
r0,rabi_straggler,1,4,4,0,independent_rayon,4,photon_integral,1,0.04274350008927286,2103,3,12640,93.58148002961184
r0,rabi_straggler,1,4,4,0,shared_serial,1,photon_integral,1,0.1947113999631256,728,2,4381,20.543224488948873
r0,rabi_straggler,1,4,4,1,independent_serial,1,photon_integral,1,0.08308440004475415,2103,3,12640,48.14381517884662
r0,rabi_straggler,1,4,4,1,independent_rayon,4,photon_integral,1,0.04747619992122054,2103,3,12640,84.25274151337692
r0,rabi_straggler,1,4,4,1,shared_serial,1,photon_integral,1,0.1933649000711739,728,2,4381,20.686277594991008
r0,rabi_straggler,4,1,4,0,independent_serial,1,photon_integral,1,0.0377899999730289,908,7,5494,105.84810804061497
r0,rabi_straggler,4,1,4,0,independent_rayon,4,photon_integral,1,0.03094780002720654,908,7,5494,129.2498981020802
r0,rabi_straggler,4,1,4,0,shared_serial,1,photon_integral,1,0.14214680017903447,686,1,4123,28.139922917448608
r0,rabi_straggler,4,1,4,1,independent_serial,1,photon_integral,1,0.036343400133773685,908,7,5494,110.06124867999971
r0,rabi_straggler,4,1,4,1,independent_rayon,4,photon_integral,1,0.030281800078228116,908,7,5494,132.09254369511223
r0,rabi_straggler,4,1,4,1,shared_serial,1,photon_integral,1,0.13880269997753203,686,1,4123,28.817883230279232
r0,rabi_straggler,4,4,16,0,independent_serial,1,photon_integral,1,0.11499439994804561,2790,21,16882,139.13721022266117
r0,rabi_straggler,4,4,16,0,independent_rayon,4,photon_integral,1,0.06124079995788634,2790,21,16882,261.26373285461284
r0,rabi_straggler,4,4,16,0,shared_serial,1,photon_integral,1,0.790687499800697,728,2,4381,20.23555450672106
r0,rabi_straggler,4,4,16,1,independent_serial,1,photon_integral,1,0.11836939980275929,2790,21,16882,135.1700695167927
r0,rabi_straggler,4,4,16,1,independent_rayon,4,photon_integral,1,0.059571299934759736,2790,21,16882,268.5857118700213
r0,rabi_straggler,4,4,16,1,shared_serial,1,photon_integral,1,0.8889438000041991,728,2,4381,17.998888118601446
r0,rabi_straggler,8,1,8,0,independent_serial,1,photon_integral,1,0.0620639999397099,1204,15,7322,128.89920095016993
r0,rabi_straggler,8,1,8,0,independent_rayon,4,photon_integral,1,0.04539299989119172,1204,15,7322,176.23862752354376
r0,rabi_straggler,8,1,8,0,shared_serial,1,photon_integral,1,0.3419585002120584,686,1,4123,23.39465167568277
r0,rabi_straggler,8,1,8,1,independent_serial,1,photon_integral,1,0.049611200112849474,1204,15,7322,161.25391004052676
r0,rabi_straggler,8,1,8,1,independent_rayon,4,photon_integral,1,0.033621400129050016,1204,15,7322,237.94368971230713
r0,rabi_straggler,8,1,8,1,shared_serial,1,photon_integral,1,0.3219781999941915,686,1,4123,24.846402645099325
r0,rabi_straggler,8,4,32,0,independent_serial,1,photon_integral,1,0.15561040001921356,3706,45,22538,205.64178227193614
r0,rabi_straggler,8,4,32,0,independent_rayon,4,photon_integral,1,0.08187610004097223,3706,45,22538,390.83444355540433
r0,rabi_straggler,8,4,32,0,shared_serial,1,photon_integral,1,1.6981728998944163,728,2,4381,18.84378204480215
r0,rabi_straggler,8,4,32,1,independent_serial,1,photon_integral,1,0.16766210016794503,3706,45,22538,190.86006895980665
r0,rabi_straggler,8,4,32,1,independent_rayon,4,photon_integral,1,0.0871059000492096,3706,45,22538,367.3689151012954
r0,rabi_straggler,8,4,32,1,shared_serial,1,photon_integral,1,1.5973515999503434,728,2,4381,20.033159888527223
r0,rabi_straggler,16,1,16,0,independent_serial,1,photon_integral,1,0.06991049996577203,1796,31,10978,228.86404771577304
r0,rabi_straggler,16,1,16,0,independent_rayon,4,photon_integral,1,0.04960910021327436,1796,31,10978,322.521471488385
r0,rabi_straggler,16,1,16,0,shared_serial,1,photon_integral,1,0.618910200195387,686,1,4123,25.851892560421327
r0,rabi_straggler,16,1,16,1,independent_serial,1,photon_integral,1,0.07186080003157258,1796,31,10978,222.65268398028243
r0,rabi_straggler,16,1,16,1,independent_rayon,4,photon_integral,1,0.039625200210139155,1796,31,10978,403.7834487939313
r0,rabi_straggler,16,1,16,1,shared_serial,1,photon_integral,1,0.6482967000920326,686,1,4123,24.680057754001574
r0,rabi_straggler,16,4,64,0,independent_serial,1,photon_integral,1,0.24167299992404878,5538,93,33850,264.8206461628459
r0,rabi_straggler,16,4,64,0,independent_rayon,4,photon_integral,1,0.1001412000041455,5538,93,33850,639.0975941705374
r0,rabi_straggler,16,4,64,0,shared_serial,1,photon_integral,1,3.166715699946508,728,2,4381,20.21021337693216
r0,rabi_straggler,16,4,64,1,independent_serial,1,photon_integral,1,0.23902869992889464,5538,93,33850,267.7502744190906
r0,rabi_straggler,16,4,64,1,independent_rayon,4,photon_integral,1,0.12582550011575222,5538,93,33850,508.6409347955993
r0,rabi_straggler,16,4,64,1,shared_serial,1,photon_integral,1,3.150191100081429,728,2,4381,20.31622779911532
r0,rabi_straggler,32,1,32,0,independent_serial,1,photon_integral,1,0.1174798000138253,2980,63,18290,272.38725292547457
r0,rabi_straggler,32,1,32,0,independent_rayon,4,photon_integral,1,0.07334879995323718,2980,63,18290,436.2716229904415
r0,rabi_straggler,32,1,32,0,shared_serial,1,photon_integral,1,1.2923302999697626,686,1,4123,24.76147158412112
r0,rabi_straggler,32,1,32,1,independent_serial,1,photon_integral,1,0.12369329994544387,2980,63,18290,258.70439234876835
r0,rabi_straggler,32,1,32,1,independent_rayon,4,photon_integral,1,0.07083590002730489,2980,63,18290,451.74833647437333
r0,rabi_straggler,32,1,32,1,shared_serial,1,photon_integral,1,1.1931879001203924,686,1,4123,26.818910916521368
r0,rabi_straggler,32,4,128,0,independent_serial,1,photon_integral,1,0.39591310010291636,9202,189,56474,323.30327025482813
r0,rabi_straggler,32,4,128,0,independent_rayon,4,photon_integral,1,0.175632500089705,9202,189,56474,728.7944995067741
r0,rabi_straggler,32,4,128,0,shared_serial,1,photon_integral,1,6.825236399890855,728,2,4381,18.753929168233192
r0,rabi_straggler,32,4,128,1,independent_serial,1,photon_integral,1,0.38453819998539984,9202,189,56474,332.866799722004
r0,rabi_straggler,32,4,128,1,independent_rayon,4,photon_integral,1,0.17871919996105134,9202,189,56474,716.2073242712328
r0,rabi_straggler,32,4,128,1,shared_serial,1,photon_integral,1,6.433002199977636,728,2,4381,19.897397205995823
r0,rabi_straggler,64,1,64,0,independent_serial,1,photon_integral,1,0.21648130007088184,5348,127,32914,295.6375445779597
r0,rabi_straggler,64,1,64,0,independent_rayon,4,photon_integral,1,0.11461009993217885,5348,127,32914,558.4150091298441
r0,rabi_straggler,64,1,64,0,shared_serial,1,photon_integral,1,2.2479217001236975,686,1,4123,28.47074255143239
r0,rabi_straggler,64,1,64,1,independent_serial,1,photon_integral,1,0.22090990003198385,5348,127,32914,289.71087303345814
r0,rabi_straggler,64,1,64,1,independent_rayon,4,photon_integral,1,0.11980169988237321,5348,127,32914,534.216126005208
r0,rabi_straggler,64,1,64,1,shared_serial,1,photon_integral,1,2.2197909001260996,686,1,4123,28.831544446985685
r0,rabi_straggler,64,4,256,0,independent_serial,1,photon_integral,1,0.6669749999418855,16530,381,101722,383.82248213547086
r0,rabi_straggler,64,4,256,0,independent_rayon,4,photon_integral,1,0.3205047999508679,16530,381,101722,798.7399877918951
r0,rabi_straggler,64,4,256,0,shared_serial,1,photon_integral,1,16.625099499942735,728,2,4381,15.398404081785001
r0,rabi_straggler,64,4,256,1,independent_serial,1,photon_integral,1,0.8004598999395967,16530,381,101722,319.81614571737816
r0,rabi_straggler,64,4,256,1,independent_rayon,4,photon_integral,1,0.33101429999805987,16530,381,101722,773.3804853793339
r0,rabi_straggler,64,4,256,1,shared_serial,1,photon_integral,1,16.728697400074452,728,2,4381,15.303044455742302
r0,rabi_straggler,128,1,128,0,independent_serial,1,photon_integral,1,0.3943770001642406,10084,255,62162,324.5625377410286
r0,rabi_straggler,128,1,128,0,independent_rayon,4,photon_integral,1,0.1261303999926895,10084,255,62162,1014.82275492204
r0,rabi_straggler,128,1,128,0,shared_serial,1,photon_integral,1,4.8774860999546945,686,1,4123,26.24302712030055
r0,rabi_straggler,128,1,128,1,independent_serial,1,photon_integral,1,0.405280799837783,10084,255,62162,315.8304070936325
r0,rabi_straggler,128,1,128,1,independent_rayon,4,photon_integral,1,0.20664180000312626,10084,255,62162,619.429370040638
r0,rabi_straggler,128,1,128,1,shared_serial,1,photon_integral,1,5.0136317000724375,686,1,4123,25.530395461268252
r0,rabi_straggler,128,4,512,0,independent_serial,1,photon_integral,1,1.2940152999944985,31186,765,192218,395.667655554132
r0,rabi_straggler,128,4,512,0,independent_rayon,4,photon_integral,1,0.6000107999425381,31186,765,192218,853.3179736915289
r0,rabi_straggler,128,4,512,0,shared_serial,1,photon_integral,1,37.15647929999977,728,2,4381,13.779561725052973
r0,rabi_straggler,128,4,512,1,independent_serial,1,photon_integral,1,1.2855440999846905,31186,765,192218,398.2749405532625
r0,rabi_straggler,128,4,512,1,independent_rayon,4,photon_integral,1,0.47162629989907146,31186,765,192218,1085.6052771220955
r0,rabi_straggler,128,4,512,1,shared_serial,1,photon_integral,1,38.474375899881124,728,2,4381,13.307558291064623
r0,detuning_straggler,1,1,1,0,independent_serial,1,photon_integral,1,0.1648036001715809,3843,0,23059,6.067828609076964
r0,detuning_straggler,1,1,1,0,independent_rayon,4,photon_integral,1,0.15918720001354814,3843,0,23059,6.281912113002124
r0,detuning_straggler,1,1,1,0,shared_serial,1,photon_integral,1,0.1787900000344962,3843,0,23059,5.5931539784499
r0,detuning_straggler,1,1,1,1,independent_serial,1,photon_integral,1,0.16631140001118183,3843,0,23059,6.012816920143572
r0,detuning_straggler,1,1,1,1,independent_rayon,4,photon_integral,1,0.17065209988504648,3843,0,23059,5.859875153447354
r0,detuning_straggler,1,1,1,1,shared_serial,1,photon_integral,1,0.17616429994814098,3843,0,23059,5.676519023970116
r0,detuning_straggler,1,4,4,0,independent_serial,1,photon_integral,1,0.44682550011202693,11566,0,69400,8.952040559451353
r0,detuning_straggler,1,4,4,0,independent_rayon,4,photon_integral,1,0.2770271999761462,11566,0,69400,14.43901537590686
r0,detuning_straggler,1,4,4,0,shared_serial,1,photon_integral,1,1.0411328000482172,3874,0,23245,3.841969055066511
r0,detuning_straggler,1,4,4,1,independent_serial,1,photon_integral,1,0.48372079990804195,11566,0,69400,8.269232997134758
r0,detuning_straggler,1,4,4,1,independent_rayon,4,photon_integral,1,0.2712272999342531,11566,0,69400,14.74777797430281
r0,detuning_straggler,1,4,4,1,shared_serial,1,photon_integral,1,1.10079689999111,3874,0,23245,3.6337311633347658
r0,detuning_straggler,4,1,4,0,independent_serial,1,photon_integral,1,0.1543014000635594,4065,6,24430,25.92329038072455
r0,detuning_straggler,4,1,4,0,independent_rayon,4,photon_integral,1,0.14873240003362298,4065,6,24430,26.89393836914987
r0,detuning_straggler,4,1,4,0,shared_serial,1,photon_integral,1,0.7897985000163317,3843,0,23059,5.064582928325753
r0,detuning_straggler,4,1,4,1,independent_serial,1,photon_integral,1,0.15915530011989176,4065,6,24430,25.132684849243464
r0,detuning_straggler,4,1,4,1,independent_rayon,4,photon_integral,1,0.15115849999710917,4065,6,24430,26.46228958395656
r0,detuning_straggler,4,1,4,1,shared_serial,1,photon_integral,1,0.791458599967882,3843,0,23059,5.053959866204401
r0,detuning_straggler,4,4,16,0,independent_serial,1,photon_integral,1,0.4825106000062078,12253,18,73642,33.15989327445687
r0,detuning_straggler,4,4,16,0,independent_rayon,4,photon_integral,1,0.2535949000157416,12253,18,73642,63.092751467031945
r0,detuning_straggler,4,4,16,0,shared_serial,1,photon_integral,1,4.295951400185004,3874,0,23245,3.7244369196799956
r0,detuning_straggler,4,4,16,1,independent_serial,1,photon_integral,1,0.49336570012383163,12253,18,73642,32.430304733353175
r0,detuning_straggler,4,4,16,1,independent_rayon,4,photon_integral,1,0.274728300049901,12253,18,73642,58.23935865760389
r0,detuning_straggler,4,4,16,1,shared_serial,1,photon_integral,1,4.275626299902797,3874,0,23245,3.742141823845491
r0,detuning_straggler,8,1,8,0,independent_serial,1,photon_integral,1,0.1700595999136567,4361,14,26258,47.042331065472275
r0,detuning_straggler,8,1,8,0,independent_rayon,4,photon_integral,1,0.15391609980724752,4361,14,26258,51.97636900895081
r0,detuning_straggler,8,1,8,0,shared_serial,1,photon_integral,1,1.6672330000437796,3843,0,23059,4.79836951391313
r0,detuning_straggler,8,1,8,1,independent_serial,1,photon_integral,1,0.16848950018174946,4361,14,26258,47.480703494107395
r0,detuning_straggler,8,1,8,1,independent_rayon,4,photon_integral,1,0.15209600003436208,4361,14,26258,52.59835891931814
r0,detuning_straggler,8,1,8,1,shared_serial,1,photon_integral,1,1.8148411000147462,3843,0,23059,4.408099419797687
r0,detuning_straggler,8,4,32,0,independent_serial,1,photon_integral,1,0.530638299882412,13169,42,79298,60.30473112681673
r0,detuning_straggler,8,4,32,0,independent_rayon,4,photon_integral,1,0.2796967001631856,13169,42,79298,114.40964438025188
r0,detuning_straggler,8,4,32,0,shared_serial,1,photon_integral,1,9.015074099879712,3874,0,23245,3.549610313289269
r0,detuning_straggler,8,4,32,1,independent_serial,1,photon_integral,1,0.5088761001825333,13169,42,79298,62.8836763772589
r0,detuning_straggler,8,4,32,1,independent_rayon,4,photon_integral,1,0.20517640002071857,13169,42,79298,155.96335639366254
r0,detuning_straggler,8,4,32,1,shared_serial,1,photon_integral,1,8.436923800036311,3874,0,23245,3.7928516078173278
r0,detuning_straggler,16,1,16,0,independent_serial,1,photon_integral,1,0.18891789996996522,4953,30,29914,84.69287453726582
r0,detuning_straggler,16,1,16,0,independent_rayon,4,photon_integral,1,0.18128420016728342,4953,30,29914,88.25920838791079
r0,detuning_straggler,16,1,16,0,shared_serial,1,photon_integral,1,3.2991464000660926,3843,0,23059,4.849739314290347
r0,detuning_straggler,16,1,16,1,independent_serial,1,photon_integral,1,0.19655620004050434,4953,30,29914,81.40165508237786
r0,detuning_straggler,16,1,16,1,independent_rayon,4,photon_integral,1,0.1898541001137346,4953,30,29914,84.27524077918248
r0,detuning_straggler,16,1,16,1,shared_serial,1,photon_integral,1,3.521627099951729,3843,0,23059,4.543354405757302
r0,detuning_straggler,16,4,64,0,independent_serial,1,photon_integral,1,0.5797832000534981,15001,90,90610,110.38608913486033
r0,detuning_straggler,16,4,64,0,independent_rayon,4,photon_integral,1,0.33191760000772774,15001,90,90610,192.81894060004635
r0,detuning_straggler,16,4,64,0,shared_serial,1,photon_integral,1,17.212966700084507,3874,0,23245,3.7181272185744594
r0,detuning_straggler,16,4,64,1,independent_serial,1,photon_integral,1,0.6138434000313282,15001,90,90610,104.2611193616054
r0,detuning_straggler,16,4,64,1,independent_rayon,4,photon_integral,1,0.27504690014757216,15001,90,90610,232.68758879180893
r0,detuning_straggler,16,4,64,1,shared_serial,1,photon_integral,1,17.03824679995887,3874,0,23245,3.7562550156366146
r0,detuning_straggler,32,1,32,0,independent_serial,1,photon_integral,1,0.24822199996560812,6137,62,37226,128.9168567026037
r0,detuning_straggler,32,1,32,0,independent_rayon,4,photon_integral,1,0.15893390006385744,6137,62,37226,201.34156392778914
r0,detuning_straggler,32,1,32,0,shared_serial,1,photon_integral,1,6.145249400055036,3843,0,23059,5.20727441911689
r0,detuning_straggler,32,1,32,1,independent_serial,1,photon_integral,1,0.23522299993783236,6137,62,37226,136.0411184639995
r0,detuning_straggler,32,1,32,1,independent_rayon,4,photon_integral,1,0.20363930007442832,6137,62,37226,157.14059117421976
r0,detuning_straggler,32,1,32,1,shared_serial,1,photon_integral,1,6.082755299983546,3843,0,23059,5.260773847023989
r0,detuning_straggler,32,4,128,0,independent_serial,1,photon_integral,1,0.7510450000409037,18665,186,113234,170.42920196929455
r0,detuning_straggler,32,4,128,0,independent_rayon,4,photon_integral,1,0.39970219996757805,18665,186,113234,320.23841752780635
r0,detuning_straggler,32,4,128,0,shared_serial,1,photon_integral,1,35.81934479996562,3874,0,23245,3.5734880332072088
r0,detuning_straggler,32,4,128,1,independent_serial,1,photon_integral,1,0.779807899845764,18665,186,113234,164.1429896072055
r0,detuning_straggler,32,4,128,1,independent_rayon,4,photon_integral,1,0.37557599996216595,18665,186,113234,340.80984943897965
r0,detuning_straggler,32,4,128,1,shared_serial,1,photon_integral,1,35.175655300030485,3874,0,23245,3.6388803252768134
r0,detuning_straggler,64,1,64,0,independent_serial,1,photon_integral,1,0.353897999972105,8505,126,51850,180.84306779084542
r0,detuning_straggler,64,1,64,0,independent_rayon,4,photon_integral,1,0.2268536000046879,8505,126,51850,282.12027492037794
r0,detuning_straggler,64,1,64,0,shared_serial,1,photon_integral,1,12.228629999794066,3843,0,23059,5.233619792329785
r0,detuning_straggler,64,1,64,1,independent_serial,1,photon_integral,1,0.3400091000366956,8505,126,51850,188.23025616988716
r0,detuning_straggler,64,1,64,1,independent_rayon,4,photon_integral,1,0.21272740000858903,8505,126,51850,300.85452084412236
r0,detuning_straggler,64,1,64,1,shared_serial,1,photon_integral,1,12.316854300210252,3843,0,23059,5.196131937592823
r0,detuning_straggler,64,4,256,0,independent_serial,1,photon_integral,1,1.0418310000095516,25993,378,158482,245.72123501571076
r0,detuning_straggler,64,4,256,0,independent_rayon,4,photon_integral,1,0.7271549999713898,25993,378,158482,352.0569892389827
r0,detuning_straggler,64,4,256,0,shared_serial,1,photon_integral,1,84.50016819988377,3874,0,23245,3.0295797683436105
r0,detuning_straggler,64,4,256,1,independent_serial,1,photon_integral,1,1.0225997001398355,25993,378,158482,250.34233822383604
r0,detuning_straggler,64,4,256,1,independent_rayon,4,photon_integral,1,0.6197619000449777,25993,378,158482,413.0618548533258
r0,detuning_straggler,64,4,256,1,shared_serial,1,photon_integral,1,85.28018100000918,3874,0,23245,3.0018698013782643
r0,detuning_straggler,128,1,128,0,independent_serial,1,photon_integral,1,0.5252742001321167,13241,254,81098,243.68225198916207
r0,detuning_straggler,128,1,128,0,independent_rayon,4,photon_integral,1,0.331801800057292,13241,254,81098,385.772470124931
r0,detuning_straggler,128,1,128,0,shared_serial,1,photon_integral,1,28.393389800097793,3843,0,23059,4.508091527682233
r0,detuning_straggler,128,1,128,1,independent_serial,1,photon_integral,1,0.5540163000114262,13241,254,81098,231.0401336519523
r0,detuning_straggler,128,1,128,1,independent_rayon,4,photon_integral,1,0.3146604001522064,13241,254,81098,406.787762101886
r0,detuning_straggler,128,1,128,1,shared_serial,1,photon_integral,1,27.305499500129372,3843,0,23059,4.687700365979151
r0,detuning_straggler,128,4,512,0,independent_serial,1,photon_integral,1,1.6589420000091195,40649,762,248978,308.6304403633071
r0,detuning_straggler,128,4,512,0,independent_rayon,4,photon_integral,1,0.9227728999685496,40649,762,248978,554.8494109628168
r0,rabi_detuning,4,1,4,0,independent_serial,1,photon_integral,1,0.20034219999797642,4902,282,31108,19.965838450613013
r0,rabi_detuning,4,1,4,0,independent_rayon,4,photon_integral,1,0.06404400011524558,4902,282,31108,62.45706065833021
r0,rabi_detuning,4,1,4,0,shared_serial,1,photon_integral,1,0.27472270000725985,1268,138,8437,14.560136457214114
r0,rabi_detuning,4,4,16,0,independent_serial,1,photon_integral,1,0.6201645999681205,14778,875,93934,25.799602235958776
r0,rabi_detuning,4,4,16,0,independent_rayon,4,photon_integral,1,0.27395060006529093,14778,875,93934,58.404690466772855
r0,rabi_detuning,4,4,16,0,shared_serial,1,photon_integral,1,1.4662049999460578,1280,25,7831,10.912525875023373
r0,rabi_detuning,16,1,16,0,independent_serial,1,photon_integral,1,0.7043743000831455,13106,594,82216,22.71519559715812
r0,rabi_detuning,16,1,16,0,independent_rayon,4,photon_integral,1,0.21275860001333058,13106,594,82216,75.20260050121361
r0,rabi_detuning,16,1,16,0,shared_serial,1,photon_integral,1,1.1241148000117391,1266,18,7705,14.233421710872335
r0,rabi_detuning,16,4,64,0,independent_serial,1,photon_integral,1,1.6503253001719713,39542,1975,249166,38.78023320210319
r0,rabi_detuning,16,4,64,0,independent_rayon,4,photon_integral,1,0.6273449000436813,39542,1975,249166,102.01724760262458
r0,rabi_detuning,16,4,64,0,shared_serial,1,photon_integral,1,5.670254900120199,1278,17,7771,11.286970537892982
r0,rabi_detuning,64,1,64,0,independent_serial,1,photon_integral,1,1.860852099955082,45014,2121,282874,34.39284615985594
r0,rabi_detuning,64,1,64,0,independent_rayon,4,photon_integral,1,0.7381751001812518,45014,2121,282874,86.70029642599083
r0,rabi_detuning,64,1,64,0,shared_serial,1,photon_integral,1,4.212256900034845,1266,17,7699,15.193755157590358
r0,rabi_detuning,64,4,256,0,independent_serial,1,photon_integral,1,5.789278000127524,135887,6881,856864,44.21967644227154
r0,rabi_detuning,64,4,256,0,independent_rayon,4,photon_integral,1,2.1209116999525577,135887,6881,856864,120.70280908239906
r0,rabi_detuning,64,4,256,0,shared_serial,1,photon_integral,1,29.616709999972954,1277,8,7711,8.64376900743647
r0,rabi_doppler_equivalence,4,1,4,0,independent_serial,1,photon_integral,1,0.10741590010002255,2498,124,15736,37.238434871144
r0,rabi_doppler_equivalence,4,1,4,0,independent_rayon,4,photon_integral,1,0.051224400056526065,2498,124,15736,78.0877862031767
r0,rabi_doppler_equivalence,4,1,4,0,shared_serial,1,photon_integral,1,0.15093709994107485,648,50,4189,26.501105437706048
r0,rabi_doppler_equivalence,4,4,16,0,independent_serial,1,photon_integral,1,0.33016090001910925,7544,387,47602,48.46121996600428
r0,rabi_doppler_equivalence,4,4,16,0,independent_rayon,4,photon_integral,1,0.13491540006361902,7544,387,47602,118.5928366402593
r0,rabi_doppler_equivalence,4,4,16,0,shared_serial,1,photon_integral,1,0.7239234999287874,657,1,3949,22.101782856301703
r0,rabi_doppler_equivalence,16,1,16,0,independent_serial,1,photon_integral,1,0.3004293998237699,6740,328,42424,53.257104695430954
r0,rabi_doppler_equivalence,16,1,16,0,independent_rayon,4,photon_integral,1,0.1295743000227958,6740,328,42424,123.48127674380757
r0,rabi_doppler_equivalence,16,1,16,0,shared_serial,1,photon_integral,1,0.6352250999771059,649,11,3961,25.187921573906095
r0,rabi_doppler_equivalence,16,4,64,0,independent_serial,1,photon_integral,1,0.8629632000811398,20390,1009,128458,74.16306975081025
r0,rabi_doppler_equivalence,16,4,64,0,independent_rayon,4,photon_integral,1,0.4002169999293983,20390,1009,128458,159.91324709167813
r0,rabi_doppler_equivalence,16,4,64,0,shared_serial,1,photon_integral,1,3.1370093999430537,658,5,3979,20.401596501802576
r0,rabi_doppler_equivalence,64,1,64,0,independent_serial,1,photon_integral,1,0.9856765000149608,23394,827,145390,64.9300252151985
r0,rabi_doppler_equivalence,64,1,64,0,independent_rayon,4,photon_integral,1,0.4371798001229763,23394,827,145390,146.39285708533913
r0,rabi_doppler_equivalence,64,1,64,0,shared_serial,1,photon_integral,1,2.1876550000160933,648,1,3895,29.25506992625857
r0,rabi_doppler_equivalence,64,4,256,0,independent_serial,1,photon_integral,1,3.0290828000288457,70845,2662,441298,84.5140317714531
r0,rabi_doppler_equivalence,64,4,256,0,independent_rayon,4,photon_integral,1,1.065853500040248,70845,2662,441298,240.1831020776618
r0,rabi_doppler_equivalence,64,4,256,0,shared_serial,1,photon_integral,1,14.896555499872193,658,0,3949,17.185180829366654
q1_velocity_envelope,velocity_dynamic,8,1,8,0,independent_serial,1,photon_integral,1,0.0448898000176996,4458,93,27314,178.21420449290662
q1_velocity_envelope,velocity_dynamic,8,1,8,0,independent_rayon,4,photon_integral,1,0.018965500174090266,4458,93,27314,421.8185614176001
q1_velocity_envelope,velocity_dynamic,8,1,8,0,independent_capped_serial,1,photon_integral,1,0.14235339988954365,13234,96,79988,56.198166016459346
q1_velocity_envelope,velocity_dynamic,8,1,8,0,shared_serial,1,photon_integral,1,0.13366680010221899,1659,15,10045,59.85031431800687
q1_velocity_envelope,velocity_dynamic,1,1,1,0,independent_serial,1,photon_integral,1,0.003791899885982275,414,8,2533,263.72004274077887
q1_velocity_envelope,velocity_dynamic,1,1,1,0,independent_rayon,4,photon_integral,1,0.004206500016152859,414,8,2533,237.7273258433434
q1_velocity_envelope,velocity_dynamic,1,1,1,0,independent_capped_serial,1,photon_integral,1,0.01694500003941357,1652,2,9925,59.01445840507698
q1_velocity_envelope,velocity_dynamic,1,1,1,0,shared_serial,1,photon_integral,1,0.017190000042319298,1652,2,9925,58.17335645946157
q1_velocity_envelope,velocity_dynamic,1,4,4,0,independent_serial,1,photon_integral,1,0.00788499996997416,842,16,5152,507.2923291353048
q1_velocity_envelope,velocity_dynamic,1,4,4,0,independent_rayon,4,photon_integral,1,0.004366700071841478,842,16,5152,916.0235267344941
q1_velocity_envelope,velocity_dynamic,1,4,4,0,independent_capped_serial,1,photon_integral,1,0.04055420006625354,3812,4,22900,98.63343361390893
q1_velocity_envelope,velocity_dynamic,1,4,4,0,shared_serial,1,photon_integral,1,0.055890100076794624,1652,2,9925,71.56902554305474
q1_velocity_envelope,velocity_dynamic,1,8,8,0,independent_serial,1,photon_integral,1,0.016464299988001585,1674,32,10244,485.8997956688124
q1_velocity_envelope,velocity_dynamic,1,8,8,0,independent_rayon,4,photon_integral,1,0.007752799894660711,1674,32,10244,1031.8852683802058
q1_velocity_envelope,velocity_dynamic,1,8,8,0,independent_capped_serial,1,photon_integral,1,0.08444250002503395,7596,8,45632,94.73902356785159
q1_velocity_envelope,velocity_dynamic,1,8,8,0,shared_serial,1,photon_integral,1,0.10016530007123947,1652,2,9925,79.8679781751789
q1_velocity_envelope,velocity_dynamic,1,12,12,0,independent_serial,1,photon_integral,1,0.022157999919727445,2294,46,14052,541.5651251680123
q1_velocity_envelope,velocity_dynamic,1,12,12,0,independent_rayon,4,photon_integral,1,0.009958300041034818,2294,46,14052,1205.0249490929195
q1_velocity_envelope,velocity_dynamic,1,12,12,0,independent_capped_serial,1,photon_integral,1,0.12989179999567568,10642,12,63936,92.38458471127123
q1_velocity_envelope,velocity_dynamic,1,12,12,0,shared_serial,1,photon_integral,1,0.14376090001314878,1652,2,9925,83.47193151199279
q1_velocity_envelope,velocity_dynamic,4,1,4,0,independent_serial,1,photon_integral,1,0.030617899959906936,3232,68,19804,130.64253280720948
q1_velocity_envelope,velocity_dynamic,4,1,4,0,independent_rayon,4,photon_integral,1,0.015372400172054768,3232,68,19804,260.2066011312621
q1_velocity_envelope,velocity_dynamic,4,1,4,0,independent_capped_serial,1,photon_integral,1,0.0664740998763591,6617,49,40000,60.17381216804656
q1_velocity_envelope,velocity_dynamic,4,1,4,0,shared_serial,1,photon_integral,1,0.06694100005552173,1655,16,10027,59.75411178025946
q1_velocity_envelope,velocity_dynamic,4,4,16,0,independent_serial,1,photon_integral,1,0.06626249989494681,6520,136,39952,241.46387512343406
q1_velocity_envelope,velocity_dynamic,4,4,16,0,independent_rayon,4,photon_integral,1,0.023395299911499023,6520,136,39952,683.8980504855951
q1_velocity_envelope,velocity_dynamic,4,4,16,0,independent_capped_serial,1,photon_integral,1,0.15359370014630258,15266,98,92200,104.17093920362308
q1_velocity_envelope,velocity_dynamic,4,4,16,0,shared_serial,1,photon_integral,1,0.22069549979642034,1655,16,10027,72.49808000053982
q1_velocity_envelope,velocity_dynamic,4,8,32,0,independent_serial,1,photon_integral,1,0.12352969986386597,12998,282,79712,259.0470148900638
q1_velocity_envelope,velocity_dynamic,4,8,32,0,independent_rayon,4,photon_integral,1,0.04629860003478825,12998,282,79712,691.1656070800317
q1_velocity_envelope,velocity_dynamic,4,8,32,0,independent_capped_serial,1,photon_integral,1,0.3044797999318689,30440,200,183872,105.09728398127032
q1_velocity_envelope,velocity_dynamic,4,8,32,0,shared_serial,1,photon_integral,1,0.40583950001746416,1655,10,9991,78.84890455124001
q1_velocity_envelope,velocity_dynamic,4,12,48,0,independent_serial,1,photon_integral,1,0.1752575000282377,18932,334,115644,273.8827153888774
q1_velocity_envelope,velocity_dynamic,4,12,48,0,independent_rayon,4,photon_integral,1,0.07229570019990206,18932,334,115644,663.9399005373356
q1_velocity_envelope,velocity_dynamic,4,12,48,0,independent_capped_serial,1,photon_integral,1,0.4448337000794709,43318,216,261252,107.90549365172795
q1_velocity_envelope,velocity_dynamic,4,12,48,0,shared_serial,1,photon_integral,1,0.5899712999816984,1655,8,9979,81.35988988191293
q1_velocity_envelope,velocity_dynamic,8,1,8,0,independent_serial,1,photon_integral,1,0.041863700142130256,4458,93,27314,191.09634296154968
q1_velocity_envelope,velocity_dynamic,8,1,8,0,independent_rayon,4,photon_integral,1,0.017112300032749772,4458,93,27314,467.4999844959171
q1_velocity_envelope,velocity_dynamic,8,1,8,0,independent_capped_serial,1,photon_integral,1,0.1362801999785006,13234,96,79988,58.702584830827
q1_velocity_envelope,velocity_dynamic,8,1,8,0,shared_serial,1,photon_integral,1,0.13349079992622137,1659,15,10045,59.92922362006592
q1_velocity_envelope,velocity_dynamic,8,4,32,0,independent_serial,1,photon_integral,1,0.0842905999161303,9028,186,55316,379.639011133391
q1_velocity_envelope,velocity_dynamic,8,4,32,0,independent_rayon,4,photon_integral,1,0.0326749999076128,9028,186,55316,979.3420073597143
q1_velocity_envelope,velocity_dynamic,8,4,32,0,independent_capped_serial,1,photon_integral,1,0.3048358999658376,30532,192,184376,104.97451252817066
q1_velocity_envelope,velocity_dynamic,8,4,32,0,shared_serial,1,photon_integral,1,0.46979330014437437,1659,15,10045,68.11506249698736
q1_velocity_envelope,velocity_dynamic,8,8,64,0,independent_serial,1,photon_integral,1,0.18922559986822307,18002,382,110368,338.22062154681856
q1_velocity_envelope,velocity_dynamic,8,8,64,0,independent_rayon,4,photon_integral,1,0.07685600011609495,18002,382,110368,832.7261359337554
q1_velocity_envelope,velocity_dynamic,8,8,64,0,independent_capped_serial,1,photon_integral,1,0.616700500017032,60882,394,367720,103.77809001003315
q1_velocity_envelope,velocity_dynamic,8,8,64,0,shared_serial,1,photon_integral,1,0.8674269998446107,1658,6,9985,73.78142484781411
q1_velocity_envelope,velocity_dynamic,8,12,96,0,independent_serial,1,photon_integral,1,0.2535041000228375,26288,458,160572,378.69210001475955
q1_velocity_envelope,velocity_dynamic,8,12,96,0,independent_rayon,4,photon_integral,1,0.09829719993285835,26288,458,160572,976.630057270935
q1_velocity_envelope,velocity_dynamic,8,12,96,0,independent_capped_serial,1,photon_integral,1,0.9751947000622749,86664,426,522636,98.44188036898636
q1_velocity_envelope,velocity_dynamic,8,12,96,0,shared_serial,1,photon_integral,1,1.1895369000267237,1658,8,9997,80.70367552098914
q1_velocity_envelope,velocity_dynamic,16,1,16,0,independent_serial,1,photon_integral,1,0.10241409996524453,10921,233,66940,156.2284881225319
q1_velocity_envelope,velocity_dynamic,16,1,16,0,independent_rayon,4,photon_integral,1,0.048113099997863173,10921,233,66940,332.5497629691415
q1_velocity_envelope,velocity_dynamic,16,1,16,0,independent_capped_serial,1,photon_integral,1,0.36528309993445873,26469,201,160036,43.80164317175039
q1_velocity_envelope,velocity_dynamic,16,1,16,0,shared_serial,1,photon_integral,1,0.2932312998455018,1659,6,9991,54.564434316630276
q1_velocity_envelope,velocity_dynamic,16,4,64,0,independent_serial,1,photon_integral,1,0.20541580021381378,22066,466,135256,311.5631803073741
q1_velocity_envelope,velocity_dynamic,16,4,64,0,independent_rayon,4,photon_integral,1,0.0822429999243468,22066,466,135256,778.1817304679053
q1_velocity_envelope,velocity_dynamic,16,4,64,0,independent_capped_serial,1,photon_integral,1,0.635133899981156,61066,402,368872,100.76615340780714
q1_velocity_envelope,velocity_dynamic,16,4,64,0,shared_serial,1,photon_integral,1,1.0115008000284433,1659,6,9991,63.272317726491494
q1_velocity_envelope,velocity_dynamic,16,8,128,0,independent_serial,1,photon_integral,1,0.41001310013234615,43988,962,269828,312.1851471542824
q1_velocity_envelope,velocity_dynamic,16,8,128,0,independent_rayon,4,photon_integral,1,0.18543259985744953,43988,962,269828,690.2777618304409
q1_velocity_envelope,velocity_dynamic,16,8,128,0,independent_capped_serial,1,photon_integral,1,1.2484273000154644,121762,830,735680,102.52899788270767
q1_velocity_envelope,velocity_dynamic,16,8,128,0,shared_serial,1,photon_integral,1,1.6780027002096176,1658,4,9973,76.28116449634445
q1_velocity_envelope,velocity_dynamic,16,12,192,0,independent_serial,1,photon_integral,1,0.5974024999886751,62448,1126,381636,321.39135675468333
q1_velocity_envelope,velocity_dynamic,16,12,192,0,independent_rayon,4,photon_integral,1,0.2382535000797361,62448,1126,381636,805.8643417021933
q1_velocity_envelope,velocity_dynamic,16,12,192,0,independent_capped_serial,1,photon_integral,1,1.7805004001129419,173342,894,1045608,107.8348536107158
q1_velocity_envelope,velocity_dynamic,16,12,192,0,shared_serial,1,photon_integral,1,2.354661100078374,1658,3,9967,81.54039661741953
q1_velocity_envelope,velocity_dynamic,32,1,32,0,independent_serial,1,photon_integral,1,0.1894691998604685,20846,443,127766,168.89288614490312
q1_velocity_envelope,velocity_dynamic,32,1,32,0,independent_rayon,4,photon_integral,1,0.05312749999575317,20846,443,127766,602.3245965377247
q1_velocity_envelope,velocity_dynamic,32,1,32,0,independent_capped_serial,1,photon_integral,1,0.5234685000032187,52937,396,320030,61.13070796008402
q1_velocity_envelope,velocity_dynamic,32,1,32,0,shared_serial,1,photon_integral,1,0.5650065999943763,1662,5,10003,56.63650654756689
q1_velocity_envelope,velocity_dynamic,32,4,128,0,independent_serial,1,photon_integral,1,0.39335569995455444,42140,886,258284,325.4052248760809
q1_velocity_envelope,velocity_dynamic,32,4,128,0,independent_rayon,4,photon_integral,1,0.10689020017161965,42140,886,258284,1197.4905070295229
q1_velocity_envelope,velocity_dynamic,32,4,128,0,independent_capped_serial,1,photon_integral,1,1.2081247998867184,122130,792,737660,105.94931915312235
q1_velocity_envelope,velocity_dynamic,32,4,128,0,shared_serial,1,photon_integral,1,1.8211087000090629,1662,5,10003,70.28685327754626
q1_velocity_envelope,velocity_dynamic,32,8,256,0,independent_serial,1,photon_integral,1,0.8134766998700798,84122,1814,515872,314.6986263292922
q1_velocity_envelope,velocity_dynamic,32,8,256,0,independent_rayon,4,photon_integral,1,0.33815810014493763,84122,1814,515872,757.0423417042977
q1_velocity_envelope,velocity_dynamic,32,8,256,0,independent_capped_serial,1,photon_integral,1,2.541718899970874,243524,1642,1471252,100.7192416135921
q1_velocity_envelope,velocity_dynamic,32,8,256,0,shared_serial,1,photon_integral,1,3.6285662001464516,1661,3,9985,70.5512827600245
q1_velocity_envelope,velocity_dynamic,32,12,384,0,independent_serial,1,photon_integral,1,1.3142155001405627,123340,2166,753420,292.1895229198933
q1_velocity_envelope,velocity_dynamic,32,12,384,0,independent_rayon,4,photon_integral,1,0.45012819999828935,123340,2166,753420,853.0902973896311
q1_velocity_envelope,velocity_dynamic,32,12,384,0,independent_capped_serial,1,photon_integral,1,3.807374600088224,346716,1770,2091300,100.85690018289822
q1_velocity_envelope,velocity_dynamic,32,12,384,0,shared_serial,1,photon_integral,1,5.064763000002131,1661,2,9979,75.81796028754721
q1_velocity_envelope,velocity_dynamic,64,1,64,0,independent_serial,1,photon_integral,1,0.40207279985770583,41658,898,255400,159.1751544064898
q1_velocity_envelope,velocity_dynamic,64,1,64,0,independent_rayon,4,photon_integral,1,0.14033160009421408,41658,898,255400,456.06263989744633
q1_velocity_envelope,velocity_dynamic,64,1,64,0,independent_capped_serial,1,photon_integral,1,1.0812437999993563,105872,804,640120,59.19109085299551
q1_velocity_envelope,velocity_dynamic,64,1,64,0,shared_serial,1,photon_integral,1,1.1926359999924898,1662,4,9997,53.662643086744836
q1_velocity_envelope,velocity_dynamic,64,4,256,0,independent_serial,1,photon_integral,1,0.808085799915716,84212,1796,516304,316.79804301313175
q1_velocity_envelope,velocity_dynamic,64,4,256,0,independent_rayon,4,photon_integral,1,0.3470463000703603,84212,1796,516304,737.6537365420651
q1_velocity_envelope,velocity_dynamic,64,4,256,0,independent_capped_serial,1,photon_integral,1,2.646648900117725,244256,1608,1475440,96.72609010912362
q1_velocity_envelope,velocity_dynamic,64,4,256,0,shared_serial,1,photon_integral,1,3.9715752999763936,1662,4,9997,64.4580501851549
q1_velocity_envelope,velocity_dynamic,64,8,512,0,independent_serial,1,photon_integral,1,1.636287100147456,166042,3618,1018472,312.9035240538537
q1_velocity_envelope,velocity_dynamic,64,8,512,0,independent_rayon,4,photon_integral,1,0.6743854999076575,166042,3618,1018472,759.2096806205165
q1_velocity_envelope,velocity_dynamic,64,8,512,0,independent_capped_serial,1,photon_integral,1,5.034050900023431,487048,3288,2942528,101.70735460732368
q1_velocity_envelope,velocity_dynamic,64,8,512,0,shared_serial,1,photon_integral,1,6.913084000116214,1662,4,9997,74.06245895339806
q1_velocity_envelope,velocity_dynamic,64,12,768,0,independent_serial,1,photon_integral,1,2.3153515001758933,242532,4290,1481700,331.69909620273916
q1_velocity_envelope,velocity_dynamic,64,12,768,0,independent_rayon,4,photon_integral,1,0.8580304000061005,242532,4290,1481700,895.0731815499073
q1_velocity_envelope,velocity_dynamic,64,12,768,0,independent_capped_serial,1,photon_integral,1,7.5009449000936,693444,3544,4182696,102.38710058920931
q1_velocity_envelope,velocity_dynamic,64,12,768,0,shared_serial,1,photon_integral,1,12.599387400085106,1662,2,9985,60.95534454276819
q1_velocity_envelope,velocity_dynamic,128,1,128,0,independent_serial,1,photon_integral,1,1.187633499968797,82303,1787,504668,107.77735724309139
q1_velocity_envelope,velocity_dynamic,128,1,128,0,independent_rayon,4,photon_integral,1,0.3304695999249816,82303,1787,504668,387.32760904197147
q1_velocity_envelope,velocity_dynamic,128,1,128,0,independent_capped_serial,1,photon_integral,1,2.1906567998230457,211745,1634,1280402,58.42996493578521
q1_velocity_envelope,velocity_dynamic,128,1,128,0,shared_serial,1,photon_integral,1,2.630656899884343,1663,5,10009,48.65704836142924
q1_velocity_envelope,velocity_dynamic,128,4,512,0,independent_serial,1,photon_integral,1,1.6033977000042796,166398,3574,1020344,319.32189998690495
q1_velocity_envelope,velocity_dynamic,128,4,512,0,independent_rayon,4,photon_integral,1,0.633032200159505,166398,3574,1020344,808.8056182149841
q1_velocity_envelope,velocity_dynamic,128,4,512,0,independent_capped_serial,1,photon_integral,1,5.247303000185639,488514,3268,2951204,97.57393464449956
q1_velocity_envelope,velocity_dynamic,128,4,512,0,shared_serial,1,photon_integral,1,7.948530900059268,1663,5,10009,64.4144190212788
q1_velocity_envelope,velocity_dynamic,128,8,1024,0,independent_serial,1,photon_integral,1,3.209992100019008,331710,7206,2034520,319.00390035038913
q1_velocity_envelope,velocity_dynamic,128,8,1024,0,independent_rayon,4,photon_integral,1,1.3850296998862177,331710,7206,2034520,739.3343262488329
q1_velocity_envelope,velocity_dynamic,128,8,1024,0,independent_capped_serial,1,photon_integral,1,10.215335400076583,974090,6674,5885608,100.24144679501401
q1_velocity_envelope,velocity_dynamic,128,8,1024,0,shared_serial,1,photon_integral,1,13.59130319999531,1662,4,9997,75.34229682995766
q1_velocity_envelope,velocity_dynamic,128,12,1536,0,independent_serial,1,photon_integral,1,4.501154999947175,485150,8564,2963820,341.2457469289607
q1_velocity_envelope,velocity_dynamic,128,12,1536,0,independent_rayon,4,photon_integral,1,1.841030300129205,485150,8564,2963820,834.3154373353889
q1_velocity_envelope,velocity_dynamic,128,12,1536,0,independent_capped_serial,1,photon_integral,1,14.369505200069398,1386890,7186,8365992,106.89303344923678
q1_velocity_envelope,velocity_dynamic,128,12,1536,0,shared_serial,1,photon_integral,1,19.99785519996658,1662,2,9985,76.80823691545515
q1_velocity_envelope,velocity_straggler_dynamic,1,1,1,0,independent_serial,1,photon_integral,1,0.010735800024122,1135,27,6973,93.14629536253703
q1_velocity_envelope,velocity_straggler_dynamic,1,1,1,0,independent_rayon,4,photon_integral,1,0.010796000016853213,1135,27,6973,92.62689870683023
q1_velocity_envelope,velocity_straggler_dynamic,1,1,1,0,independent_capped_serial,1,photon_integral,1,0.016098099993541837,1656,19,10051,62.11913209640737
q1_velocity_envelope,velocity_straggler_dynamic,1,1,1,0,shared_serial,1,photon_integral,1,0.01640239986591041,1656,19,10051,60.96668830018767
q1_velocity_envelope,velocity_straggler_dynamic,1,4,4,0,independent_serial,1,photon_integral,1,0.021586500108242035,2284,54,14032,185.30099737996633
q1_velocity_envelope,velocity_straggler_dynamic,1,4,4,0,independent_rayon,4,photon_integral,1,0.020549700129777193,2284,54,14032,194.65004232367693
q1_velocity_envelope,velocity_straggler_dynamic,1,4,4,0,independent_capped_serial,1,photon_integral,1,0.036463200114667416,3820,38,23152,109.6996420341886
q1_velocity_envelope,velocity_straggler_dynamic,1,4,4,0,shared_serial,1,photon_integral,1,0.05353709985502064,1656,19,10051,74.71454394862752
q1_velocity_envelope,velocity_straggler_dynamic,1,8,8,0,independent_serial,1,photon_integral,1,0.04250749992206693,4560,110,28028,188.20208233058088
q1_velocity_envelope,velocity_straggler_dynamic,1,8,8,0,independent_rayon,4,photon_integral,1,0.020844500046223402,4560,110,28028,383.7942854114861
q1_velocity_envelope,velocity_straggler_dynamic,1,8,8,0,independent_capped_serial,1,photon_integral,1,0.07395650004036725,7622,82,46232,108.1716954646773
q1_velocity_envelope,velocity_straggler_dynamic,1,8,8,0,shared_serial,1,photon_integral,1,0.09316449984908104,1656,18,10045,85.86961785829746
q1_velocity_envelope,velocity_straggler_dynamic,1,12,12,0,independent_serial,1,photon_integral,1,0.07245889981277287,6742,124,41208,165.61112618335216
q1_velocity_envelope,velocity_straggler_dynamic,1,12,12,0,independent_rayon,4,photon_integral,1,0.02715780003927648,6742,124,41208,441.8620058563365
q1_velocity_envelope,velocity_straggler_dynamic,1,12,12,0,independent_capped_serial,1,photon_integral,1,0.10721870022825897,10990,86,66468,111.92077477579079
q1_velocity_envelope,velocity_straggler_dynamic,1,12,12,0,shared_serial,1,photon_integral,1,0.14496179996058345,1656,10,9997,82.78042907347259
q1_velocity_envelope,velocity_straggler_dynamic,4,1,4,0,independent_serial,1,photon_integral,1,0.035637900000438094,3655,84,22438,112.2400590368913
q1_velocity_envelope,velocity_straggler_dynamic,4,1,4,0,independent_rayon,4,photon_integral,1,0.018415600061416626,3655,84,22438,217.2071497350002
q1_velocity_envelope,velocity_straggler_dynamic,4,1,4,0,independent_capped_serial,1,photon_integral,1,0.07288670004345477,6618,64,40096,54.87969681183557
q1_velocity_envelope,velocity_straggler_dynamic,4,1,4,0,shared_serial,1,photon_integral,1,0.08499670005403459,1655,14,10015,47.06065056004641
q1_velocity_envelope,velocity_straggler_dynamic,4,4,16,0,independent_serial,1,photon_integral,1,0.07639649999327958,7366,168,45220,209.43367826284558
q1_velocity_envelope,velocity_straggler_dynamic,4,4,16,0,independent_rayon,4,photon_integral,1,0.030783900059759617,7366,168,45220,519.7522071257965
q1_velocity_envelope,velocity_straggler_dynamic,4,4,16,0,independent_capped_serial,1,photon_integral,1,0.19954499998129904,15268,128,92392,80.18241500162614
q1_velocity_envelope,velocity_straggler_dynamic,4,4,16,0,shared_serial,1,photon_integral,1,0.2830556998960674,1655,14,10015,56.52597706343625
q1_velocity_envelope,velocity_straggler_dynamic,4,8,32,0,independent_serial,1,photon_integral,1,0.144214800093323,14694,332,90188,221.89123432055825
q1_velocity_envelope,velocity_straggler_dynamic,4,8,32,0,independent_rayon,4,photon_integral,1,0.04814930004067719,14694,332,90188,664.5994847893107
q1_velocity_envelope,velocity_straggler_dynamic,4,8,32,0,independent_capped_serial,1,photon_integral,1,0.3079429999925196,30452,256,184280,103.91533498334863
q1_velocity_envelope,velocity_straggler_dynamic,4,8,32,0,shared_serial,1,photon_integral,1,0.4062152002006769,1655,10,9991,78.77597880185547
q1_velocity_envelope,velocity_straggler_dynamic,4,12,48,0,independent_serial,1,photon_integral,1,0.20288180001080036,21634,382,132144,236.59096083258692
q1_velocity_envelope,velocity_straggler_dynamic,4,12,48,0,independent_rayon,4,photon_integral,1,0.0869453998748213,21634,382,132144,552.070610625835
q1_velocity_envelope,velocity_straggler_dynamic,4,12,48,0,independent_capped_serial,1,photon_integral,1,0.4403377999551594,43528,272,262848,109.00722128531311
q1_velocity_envelope,velocity_straggler_dynamic,4,12,48,0,shared_serial,1,photon_integral,1,0.6042706998996437,1655,5,9961,79.43459778534978
q1_velocity_envelope,velocity_straggler_dynamic,8,1,8,0,independent_serial,1,photon_integral,1,0.06531289988197386,7015,160,43058,122.48728833747546
q1_velocity_envelope,velocity_straggler_dynamic,8,1,8,0,independent_rayon,4,photon_integral,1,0.029714500065892935,7015,160,43058,269.2288270796992
q1_velocity_envelope,velocity_straggler_dynamic,8,1,8,0,independent_capped_serial,1,photon_integral,1,0.13019179995171726,13234,124,80156,61.4478024189455
q1_velocity_envelope,velocity_straggler_dynamic,8,1,8,0,shared_serial,1,photon_integral,1,0.1461658999323845,1655,14,10015,54.732328153835844
q1_velocity_envelope,velocity_straggler_dynamic,8,4,32,0,independent_serial,1,photon_integral,1,0.14025360019877553,14142,320,86804,228.15813608098293
q1_velocity_envelope,velocity_straggler_dynamic,8,4,32,0,independent_rayon,4,photon_integral,1,0.06315870000980794,14142,320,86804,506.6602066703511
q1_velocity_envelope,velocity_straggler_dynamic,8,4,32,0,independent_capped_serial,1,photon_integral,1,0.3129654999356717,30532,248,184712,102.2476918592542
q1_velocity_envelope,velocity_straggler_dynamic,8,4,32,0,shared_serial,1,photon_integral,1,0.486240099882707,1655,14,10015,65.81110856081015
q1_velocity_envelope,velocity_straggler_dynamic,8,8,64,0,independent_serial,1,photon_integral,1,0.26946549979038537,28206,628,173068,237.50721353859765
q1_velocity_envelope,velocity_straggler_dynamic,8,8,64,0,independent_rayon,4,photon_integral,1,0.1127190999686718,28206,628,173068,567.7830999164083
q1_velocity_envelope,velocity_straggler_dynamic,8,8,64,0,independent_capped_serial,1,photon_integral,1,0.6622311000246555,60892,488,368344,96.64299969846965
q1_velocity_envelope,velocity_straggler_dynamic,8,8,64,0,shared_serial,1,photon_integral,1,0.8937532000709325,1655,10,9991,71.60813521553898
q1_velocity_envelope,velocity_straggler_dynamic,8,12,96,0,independent_serial,1,photon_integral,1,0.41132919979281723,41490,726,253392,233.3897035473152
q1_velocity_envelope,velocity_straggler_dynamic,8,12,96,0,independent_rayon,4,photon_integral,1,0.15531440009362996,41490,726,253392,618.1010900607234
q1_velocity_envelope,velocity_straggler_dynamic,8,12,96,0,independent_capped_serial,1,photon_integral,1,0.8800695999525487,86912,520,524688,109.08228167996724
q1_velocity_envelope,velocity_straggler_dynamic,8,12,96,0,shared_serial,1,photon_integral,1,1.231746400007978,1655,5,9961,77.93812102830437
q1_velocity_envelope,velocity_straggler_dynamic,16,1,16,0,independent_serial,1,photon_integral,1,0.13396980008110404,13735,312,84298,119.42990129352849
q1_velocity_envelope,velocity_straggler_dynamic,16,1,16,0,independent_rayon,4,photon_integral,1,0.04950040020048618,13735,312,84298,323.2297099659176
q1_velocity_envelope,velocity_straggler_dynamic,16,1,16,0,independent_capped_serial,1,photon_integral,1,0.26517449994571507,26466,244,160276,60.33762674493748
q1_velocity_envelope,velocity_straggler_dynamic,16,1,16,0,shared_serial,1,photon_integral,1,0.28642180003225803,1655,14,10015,55.86166974091362
q1_velocity_envelope,velocity_straggler_dynamic,16,4,64,0,independent_serial,1,photon_integral,1,0.25882999994792044,27694,624,169972,247.2665456588399
q1_velocity_envelope,velocity_straggler_dynamic,16,4,64,0,independent_rayon,4,photon_integral,1,0.10951239988207817,27694,624,169972,584.4087068579863
q1_velocity_envelope,velocity_straggler_dynamic,16,4,64,0,independent_capped_serial,1,photon_integral,1,0.633426700020209,61060,488,369352,101.03773648625506
q1_velocity_envelope,velocity_straggler_dynamic,16,4,64,0,shared_serial,1,photon_integral,1,0.9749251999892294,1655,14,10015,65.64606187295912
q1_velocity_envelope,velocity_straggler_dynamic,16,8,128,0,independent_serial,1,photon_integral,1,0.5318517000414431,55230,1220,338828,240.66859237269702
q1_velocity_envelope,velocity_straggler_dynamic,16,8,128,0,independent_rayon,4,photon_integral,1,0.2071943001355976,55230,1220,338828,617.7776122037665
q1_velocity_envelope,velocity_straggler_dynamic,16,8,128,0,independent_capped_serial,1,photon_integral,1,1.3789765001274645,121772,952,736472,92.82246650915982
q1_velocity_envelope,velocity_straggler_dynamic,16,8,128,0,shared_serial,1,photon_integral,1,1.7575766001828015,1655,10,9991,72.8275512923232
q1_velocity_envelope,velocity_straggler_dynamic,16,12,192,0,independent_serial,1,photon_integral,1,0.802066900068894,81202,1414,495888,239.3815278794176
q1_velocity_envelope,velocity_straggler_dynamic,16,12,192,0,independent_rayon,4,photon_integral,1,0.31862360006198287,81202,1414,495888,602.5918982857818
q1_velocity_envelope,velocity_straggler_dynamic,16,12,192,0,independent_capped_serial,1,photon_integral,1,1.790337200043723,173680,1016,1048368,107.24236752457081
q1_velocity_envelope,velocity_straggler_dynamic,16,12,192,0,shared_serial,1,photon_integral,1,2.3805108999367803,1655,5,9961,80.65495520524564
q1_velocity_envelope,velocity_straggler_dynamic,32,1,32,0,independent_serial,1,photon_integral,1,0.25607919995673,27175,616,166778,124.96134010652594
q1_velocity_envelope,velocity_straggler_dynamic,32,1,32,0,independent_rayon,4,photon_integral,1,0.1053456999361515,27175,616,166778,303.7618053645733
q1_velocity_envelope,velocity_straggler_dynamic,32,1,32,0,independent_capped_serial,1,photon_integral,1,0.6771356000099331,52930,484,320516,47.25789044252079
q1_velocity_envelope,velocity_straggler_dynamic,32,1,32,0,shared_serial,1,photon_integral,1,0.6469582000281662,1655,14,10015,49.46223727994612
q1_velocity_envelope,velocity_straggler_dynamic,32,4,128,0,independent_serial,1,photon_integral,1,0.5304880999028683,54798,1232,336308,241.28722213266735
q1_velocity_envelope,velocity_straggler_dynamic,32,4,128,0,independent_rayon,4,photon_integral,1,0.1928105999249965,54798,1232,336308,663.8639164537226
q1_velocity_envelope,velocity_straggler_dynamic,32,4,128,0,independent_capped_serial,1,photon_integral,1,1.2659597999881953,122116,968,738632,101.10905575452993
q1_velocity_envelope,velocity_straggler_dynamic,32,4,128,0,shared_serial,1,photon_integral,1,1.9406570000573993,1655,14,10015,65.95704444227606
q1_velocity_envelope,velocity_straggler_dynamic,32,8,256,0,independent_serial,1,photon_integral,1,1.0497272999491543,109278,2404,670348,243.87286108725561
q1_velocity_envelope,velocity_straggler_dynamic,32,8,256,0,independent_rayon,4,photon_integral,1,0.40721460012719035,109278,2404,670348,628.6611529155398
q1_velocity_envelope,velocity_straggler_dynamic,32,8,256,0,independent_capped_serial,1,photon_integral,1,2.6507997000589967,243532,1880,1472728,96.5746299104766
q1_velocity_envelope,velocity_straggler_dynamic,32,8,256,0,shared_serial,1,photon_integral,1,3.4143247997853905,1655,10,9991,74.97822117453238
q1_velocity_envelope,velocity_straggler_dynamic,32,12,384,0,independent_serial,1,photon_integral,1,1.562823100015521,160626,2790,980880,245.70919126815207
q1_velocity_envelope,velocity_straggler_dynamic,32,12,384,0,independent_rayon,4,photon_integral,1,0.6206752001307905,160626,2790,980880,618.6810749311112
q1_velocity_envelope,velocity_straggler_dynamic,32,12,384,0,independent_capped_serial,1,photon_integral,1,3.8480501000303775,347216,2008,2095728,99.79080053998482
q1_velocity_envelope,velocity_straggler_dynamic,32,12,384,0,shared_serial,1,photon_integral,1,5.4293709001503885,1655,5,9961,70.72642614807611
q1_velocity_envelope,velocity_straggler_dynamic,64,1,64,0,independent_serial,1,photon_integral,1,0.5334383000154048,54055,1224,331738,119.97638714383984
q1_velocity_envelope,velocity_straggler_dynamic,64,1,64,0,independent_rayon,4,photon_integral,1,0.21989999990910292,54055,1224,331738,291.0413825668705
q1_velocity_envelope,velocity_straggler_dynamic,64,1,64,0,independent_capped_serial,1,photon_integral,1,1.0836783000268042,105858,964,640996,59.05811715378724
q1_velocity_envelope,velocity_straggler_dynamic,64,1,64,0,shared_serial,1,photon_integral,1,1.1969959998968989,1655,14,10015,53.4671795106354
q1_velocity_envelope,velocity_straggler_dynamic,64,4,256,0,independent_serial,1,photon_integral,1,1.0479190999176353,109006,2448,668980,244.29366734523796
q1_velocity_envelope,velocity_straggler_dynamic,64,4,256,0,independent_rayon,4,photon_integral,1,0.4361384999938309,109006,2448,668980,586.9695062545982
q1_velocity_envelope,velocity_straggler_dynamic,64,4,256,0,independent_capped_serial,1,photon_integral,1,2.503432699944824,244228,1928,1477192,102.25958940523637
q1_velocity_envelope,velocity_straggler_dynamic,64,4,256,0,shared_serial,1,photon_integral,1,3.8035485001746565,1655,14,10015,67.30557004551004
q1_velocity_envelope,velocity_straggler_dynamic,64,8,512,0,independent_serial,1,photon_integral,1,2.107029999839142,217374,4772,1333388,242.99606557053667
q1_velocity_envelope,velocity_straggler_dynamic,64,8,512,0,independent_rayon,4,photon_integral,1,0.8526214000303298,217374,4772,1333388,600.500996083123
q1_velocity_envelope,velocity_straggler_dynamic,64,8,512,0,independent_capped_serial,1,photon_integral,1,5.2465260999742895,487052,3736,2945240,97.5883832928057
q1_velocity_envelope,velocity_straggler_dynamic,64,8,512,0,shared_serial,1,photon_integral,1,7.098228800110519,1655,10,9991,72.13067011759725
q1_velocity_envelope,velocity_straggler_dynamic,64,12,768,0,independent_serial,1,photon_integral,1,3.1068084998987615,319474,5542,1950864,247.19901468823267
q1_velocity_envelope,velocity_straggler_dynamic,64,12,768,0,independent_rayon,4,photon_integral,1,1.272041799966246,319474,5542,1950864,603.7537445863644
q1_velocity_envelope,velocity_straggler_dynamic,64,12,768,0,independent_capped_serial,1,photon_integral,1,7.431535999989137,694288,3992,4190448,103.34337342927796
q1_velocity_envelope,velocity_straggler_dynamic,64,12,768,0,shared_serial,1,photon_integral,1,9.256262100068852,1655,5,9961,82.97085710162499
q1_velocity_envelope,velocity_straggler_dynamic,128,1,128,0,independent_serial,1,photon_integral,1,1.0009487001225352,107815,2440,661658,127.87868147921102
q1_velocity_envelope,velocity_straggler_dynamic,128,1,128,0,independent_rayon,4,photon_integral,1,0.2729585999622941,107815,2440,661658,468.9355822373123
q1_velocity_envelope,velocity_straggler_dynamic,128,1,128,0,independent_capped_serial,1,photon_integral,1,2.0971107999794185,211714,1924,1281956,61.03635535197102
q1_velocity_envelope,velocity_straggler_dynamic,128,1,128,0,shared_serial,1,photon_integral,1,2.2401382999960333,1655,14,10015,57.13932929954667
q1_velocity_envelope,velocity_straggler_dynamic,128,4,512,0,independent_serial,1,photon_integral,1,2.046913400059566,217422,4880,1334324,250.13271200681993
q1_velocity_envelope,velocity_straggler_dynamic,128,4,512,0,independent_rayon,4,photon_integral,1,0.5678365000057966,217422,4880,1334324,901.6679977331036
q1_velocity_envelope,velocity_straggler_dynamic,128,4,512,0,independent_capped_serial,1,photon_integral,1,4.8230067999102175,488452,3848,2954312,106.15784327932757
q1_velocity_envelope,velocity_straggler_dynamic,128,4,512,0,shared_serial,1,photon_integral,1,7.375961999874562,1655,14,10015,69.41467431756118
q1_velocity_envelope,velocity_straggler_dynamic,128,8,1024,0,independent_serial,1,photon_integral,1,4.043595100054517,433566,9508,2659468,253.23999427791225
q1_velocity_envelope,velocity_straggler_dynamic,128,8,1024,0,independent_rayon,4,photon_integral,1,1.1385230000596493,433566,9508,2659468,899.410903377754
q1_velocity_envelope,velocity_straggler_dynamic,128,8,1024,0,independent_capped_serial,1,photon_integral,1,9.599071300122887,974092,7448,5890264,106.67698655253147
q1_velocity_envelope,velocity_straggler_dynamic,128,8,1024,0,shared_serial,1,photon_integral,1,13.10097789997235,1655,10,9991,78.16210421988127
q1_velocity_envelope,velocity_straggler_dynamic,128,12,1536,0,independent_serial,1,photon_integral,1,6.089459799928591,637170,11046,3890832,252.23912308576408
q1_velocity_envelope,velocity_straggler_dynamic,128,12,1536,0,independent_rayon,4,photon_integral,1,2.2198212000075728,637170,11046,3890832,691.947621725011
q1_velocity_envelope,velocity_straggler_dynamic,128,12,1536,0,independent_capped_serial,1,photon_integral,1,14.421218999894336,1388432,7960,8379888,106.50972015689203
q1_velocity_envelope,velocity_straggler_dynamic,128,12,1536,0,shared_serial,1,photon_integral,1,20.096006599953398,1655,5,9961,76.43309591685554
q1_velocity_envelope,rabi_velocity_dynamic,4,1,4,0,independent_serial,1,photon_integral,1,0.029009899822995067,3095,55,18904,137.88396459160984
q1_velocity_envelope,rabi_velocity_dynamic,4,1,4,0,independent_rayon,4,photon_integral,1,0.011983100092038512,3095,55,18904,333.80343728060586
q1_velocity_envelope,rabi_velocity_dynamic,4,1,4,0,independent_capped_serial,1,photon_integral,1,0.06748720002360642,6615,36,39910,59.27049868124379
q1_velocity_envelope,rabi_velocity_dynamic,4,1,4,0,independent_capped_parallel,4,photon_integral,1,0.031882999930530787,6615,36,39910,125.4587086759564
q1_velocity_envelope,rabi_velocity_dynamic,4,1,4,0,shared_serial,1,photon_integral,1,0.06676879990845919,1658,15,10039,59.90822068816644
q1_velocity_envelope,rabi_velocity_dynamic,4,4,16,0,independent_serial,1,photon_integral,1,0.058237899793311954,6246,110,38152,274.7351820169422
q1_velocity_envelope,rabi_velocity_dynamic,4,4,16,0,independent_rayon,4,photon_integral,1,0.02971479995176196,6246,110,38152,538.4522199703138
q1_velocity_envelope,rabi_velocity_dynamic,4,4,16,0,independent_capped_serial,1,photon_integral,1,0.15430439985357225,15262,72,92020,103.69114565225141
q1_velocity_envelope,rabi_velocity_dynamic,4,4,16,0,independent_capped_parallel,4,photon_integral,1,0.0576189998537302,15262,72,92020,277.6861806108593
q1_velocity_envelope,rabi_velocity_dynamic,4,4,16,0,shared_serial,1,photon_integral,1,0.2219847000669688,1658,15,10039,72.07703952197195
q1_velocity_envelope,rabi_velocity_dynamic,16,1,16,0,independent_serial,1,photon_integral,1,0.1186309999320656,12882,252,78820,134.87199812159088
q1_velocity_envelope,rabi_velocity_dynamic,16,1,16,0,independent_rayon,4,photon_integral,1,0.05695119989104569,12882,252,78820,280.94228094596554
q1_velocity_envelope,rabi_velocity_dynamic,16,1,16,0,independent_capped_serial,1,photon_integral,1,0.2687516000587493,26465,182,159898,59.534529269788116
q1_velocity_envelope,rabi_velocity_dynamic,16,1,16,0,independent_capped_parallel,4,photon_integral,1,0.1201535000000149,26465,182,159898,133.1629956680248
q1_velocity_envelope,rabi_velocity_dynamic,16,1,16,0,shared_serial,1,photon_integral,1,0.29671490006148815,1658,15,10039,53.92381709406681
q1_velocity_envelope,rabi_velocity_dynamic,16,4,64,0,independent_serial,1,photon_integral,1,0.2413494000211358,25988,504,159016,265.17571617909675
q1_velocity_envelope,rabi_velocity_dynamic,16,4,64,0,independent_rayon,4,photon_integral,1,0.08573370007798076,25988,504,159016,746.497584284681
q1_velocity_envelope,rabi_velocity_dynamic,16,4,64,0,independent_capped_serial,1,photon_integral,1,0.6208689999766648,61058,364,368596,103.08132633841507
q1_velocity_envelope,rabi_velocity_dynamic,16,4,64,0,independent_capped_parallel,4,photon_integral,1,0.26877119997516274,61058,364,368596,238.1207510548536
q1_velocity_envelope,rabi_velocity_dynamic,16,4,64,0,shared_serial,1,photon_integral,1,0.9497456999961287,1658,15,10039,67.38645934407586
q1_velocity_envelope,rabi_velocity_dynamic,64,1,64,0,independent_serial,1,photon_integral,1,0.36492939991876483,36828,769,225646,175.37638791022792
q1_velocity_envelope,rabi_velocity_dynamic,64,1,64,0,independent_rayon,4,photon_integral,1,0.13003319990821183,36828,769,225646,492.1819969452147
q1_velocity_envelope,rabi_velocity_dynamic,64,1,64,0,independent_capped_serial,1,photon_integral,1,1.0783180000726134,105868,789,640006,59.35169402318265
q1_velocity_envelope,rabi_velocity_dynamic,64,1,64,0,independent_capped_parallel,4,photon_integral,1,0.39067659992724657,105868,789,640006,163.81836028039137
q1_velocity_envelope,rabi_velocity_dynamic,64,1,64,0,shared_serial,1,photon_integral,1,1.1916075001936406,1667,20,10123,53.70896036622778
q1_velocity_envelope,rabi_velocity_dynamic,64,4,256,0,independent_serial,1,photon_integral,1,0.7079046999569982,74552,1538,456796,361.63059803890377
q1_velocity_envelope,rabi_velocity_dynamic,64,4,256,0,independent_rayon,4,photon_integral,1,0.2393839000724256,74552,1538,456796,1069.411935901066
q1_velocity_envelope,rabi_velocity_dynamic,64,4,256,0,independent_capped_serial,1,photon_integral,1,2.5118740999605507,244248,1578,1475212,101.91593599536716
q1_velocity_envelope,rabi_velocity_dynamic,64,4,256,0,independent_capped_parallel,4,photon_integral,1,0.9010125000495464,244248,1578,1475212,284.12480402427565
q1_velocity_envelope,rabi_velocity_dynamic,64,4,256,0,shared_serial,1,photon_integral,1,3.8336557999718934,1667,20,10123,66.77699129949978
r2_compact,rabi_narrow,1,1,1,0,independent_serial,1,photon_integral,1,1.0997405999805778,28506,0,171037,0.9093053398389226
r2_compact,rabi_narrow,1,1,1,0,independent_rayon,4,photon_integral,1,1.109239799901843,28506,0,171037,0.9015183192024757
r2_compact,rabi_narrow,1,1,1,0,shared_serial,1,photon_integral,1,1.1678639999590814,28506,0,171037,0.8562640855742082
r2_compact,rabi_narrow,4,1,4,0,independent_serial,1,photon_integral,1,4.545438700122759,114068,0,684412,0.8800030676669277
r2_compact,rabi_narrow,4,1,4,0,independent_rayon,4,photon_integral,1,1.791157300118357,114068,0,684412,2.233193030972593
r2_compact,rabi_narrow,4,1,4,0,shared_serial,1,photon_integral,1,4.915360999992117,28527,0,171163,0.8137754276860671
r2_compact,rabi_narrow,4,4,16,0,independent_serial,1,photon_integral,1,17.90626239986159,456325,0,2738014,0.8935421386499773
r2_compact,rabi_narrow,4,4,16,0,independent_rayon,4,photon_integral,1,5.972765899961814,456325,0,2738014,2.678825902100448
r2_compact,rabi_narrow,4,4,16,0,shared_serial,1,photon_integral,1,26.423553500091657,28579,0,171481,0.6055203740838453
r2_compact,rabi_narrow,16,1,16,0,independent_serial,1,photon_integral,1,18.710637100040913,456271,0,2737642,0.8551285514465466
r2_compact,rabi_narrow,16,1,16,0,independent_rayon,4,photon_integral,1,6.432283099973574,456271,0,2737642,2.4874527055666644
r2_compact,rabi_narrow,16,1,16,0,shared_serial,1,photon_integral,1,21.31534900004044,28527,0,171163,0.7506327951735458
r2_compact,rabi_broad,4,1,4,0,independent_serial,1,photon_integral,1,3.356431799940765,85723,0,514354,1.1917417777029145
r2_compact,rabi_broad,4,1,4,0,independent_rayon,4,photon_integral,1,1.6132251000963151,85723,0,514354,2.4795051848382386
r2_compact,rabi_broad,4,1,4,0,shared_serial,1,photon_integral,1,5.003633400192484,28613,0,171685,0.7994190781135413
r2_compact,detuning,4,1,4,0,independent_serial,1,photon_integral,1,6.196341899922118,157027,0,942196,0.645542170623328
r2_compact,detuning,4,1,4,0,independent_rayon,4,photon_integral,1,3.2992360999342054,157027,0,942196,1.2124018648073625
r2_compact,detuning,4,1,4,0,shared_serial,1,photon_integral,1,10.158898400142789,55123,0,330751,0.3937434791102722
r2_compact,rabi_detuning,4,1,4,0,independent_serial,1,photon_integral,1,7.741090700030327,193606,0,1161682,0.5167230504073966
r2_compact,rabi_detuning,4,1,4,0,independent_rayon,4,photon_integral,1,3.61654349998571,193606,0,1161682,1.1060284495446564
r2_compact,rabi_detuning,4,1,4,0,shared_serial,1,photon_integral,1,10.401428799843416,55226,0,331369,0.38456255164292585
r2_full,rabi_narrow,1,1,1,0,independent_serial,1,photon_integral,1,11.697615900076926,28453,0,170719,0.0854875051926969
r2_full,rabi_narrow,1,1,1,0,independent_rayon,4,photon_integral,1,12.097485600039363,28453,0,170719,0.08266180535868926
r2_full,rabi_narrow,1,1,1,0,shared_serial,1,photon_integral,1,12.798794199945405,28453,0,170719,0.07813236031283835
q1_velocity_envelope,velocity_dynamic,8,1,8,0,independent_serial,1,photon_integral,1,0.04184220009483397,4458,93,27314,191.19453522683472
q1_velocity_envelope,velocity_dynamic,8,1,8,0,independent_rayon,4,photon_integral,1,0.01987010007724166,4458,93,27314,402.6149827580813
q1_velocity_envelope,velocity_dynamic,8,1,8,0,independent_capped_serial,1,photon_integral,1,0.1562914999667555,13234,96,79988,51.18640490174876
q1_velocity_envelope,velocity_dynamic,8,1,8,0,independent_capped_parallel,4,photon_integral,1,0.0611695998813957,13234,96,79988,130.78391906292563
q1_velocity_envelope,velocity_dynamic,8,1,8,0,shared_serial,1,photon_integral,1,0.14358930010348558,1659,15,10045,55.71445779201066
q1_velocity_envelope,velocity_dynamic,8,4,32,0,independent_serial,1,photon_integral,1,0.10124920005910099,9028,186,55316,316.05187973160304
q1_velocity_envelope,velocity_dynamic,8,4,32,0,independent_rayon,4,photon_integral,1,0.03501140000298619,9028,186,55316,913.9880152541931
q1_velocity_envelope,velocity_dynamic,8,4,32,0,independent_capped_serial,1,photon_integral,1,0.3346493998542428,30532,192,184376,95.62246343169198
q1_velocity_envelope,velocity_dynamic,8,4,32,0,independent_capped_parallel,4,photon_integral,1,0.1377744998317212,30532,192,184376,232.26359042555075
q1_velocity_envelope,velocity_dynamic,8,4,32,0,shared_serial,1,photon_integral,1,0.48321760003454983,1659,15,10045,66.22275347113188
q1_velocity_envelope,velocity_dynamic,32,1,32,0,independent_serial,1,photon_integral,1,0.20579589996486902,20846,443,127766,155.49386555058993
q1_velocity_envelope,velocity_dynamic,32,1,32,0,independent_rayon,4,photon_integral,1,0.08231660001911223,20846,443,127766,388.74297520269613
q1_velocity_envelope,velocity_dynamic,32,1,32,0,independent_capped_serial,1,photon_integral,1,0.6464821000117809,52937,396,320030,49.49866361252209
q1_velocity_envelope,velocity_dynamic,32,1,32,0,independent_capped_parallel,4,photon_integral,1,0.23214880004525185,52937,396,320030,137.84262504808282
q1_velocity_envelope,velocity_dynamic,32,1,32,0,shared_serial,1,photon_integral,1,0.6575417998246849,1662,5,10003,48.6661076277309
q1_velocity_envelope,velocity_dynamic,32,4,128,0,independent_serial,1,photon_integral,1,0.434570400044322,42140,886,258284,294.5437608887886
q1_velocity_envelope,velocity_dynamic,32,4,128,0,independent_rayon,4,photon_integral,1,0.18343869992531836,42140,886,258284,697.7807848186419
q1_velocity_envelope,velocity_dynamic,32,4,128,0,independent_capped_serial,1,photon_integral,1,1.4170664998237044,122130,792,737660,90.32744759397272
q1_velocity_envelope,velocity_dynamic,32,4,128,0,independent_capped_parallel,4,photon_integral,1,0.5115384999662638,122130,792,737660,250.2255451123262
q1_velocity_envelope,velocity_dynamic,32,4,128,0,shared_serial,1,photon_integral,1,2.0922325998544693,1662,5,10003,61.17866627682953
q1_velocity_envelope,velocity_dynamic,128,1,128,0,independent_serial,1,photon_integral,1,0.803428899962455,82303,1787,504668,159.31714680164177
q1_velocity_envelope,velocity_dynamic,128,1,128,0,independent_rayon,4,photon_integral,1,0.33933020010590553,82303,1787,504668,377.2136991050339
q1_velocity_envelope,velocity_dynamic,128,1,128,0,independent_capped_serial,1,photon_integral,1,2.3666008999571204,211745,1634,1280402,54.08601002489232
q1_velocity_envelope,velocity_dynamic,128,1,128,0,independent_capped_parallel,4,photon_integral,1,0.8704089000821114,211745,1634,1280402,147.0573198274109
q1_velocity_envelope,velocity_dynamic,128,1,128,0,shared_serial,1,photon_integral,1,2.612559499917552,1663,5,10009,48.99409946607511
q1_velocity_envelope,velocity_dynamic,128,4,512,0,independent_serial,1,photon_integral,1,1.5964782000519335,166398,3574,1020344,320.7059137940904
q1_velocity_envelope,velocity_dynamic,128,4,512,0,independent_rayon,4,photon_integral,1,0.5823262000922114,166398,3574,1020344,879.2322926890887
q1_velocity_envelope,velocity_dynamic,128,4,512,0,independent_capped_serial,1,photon_integral,1,5.999681900022551,488514,3268,2951204,85.3378576617663
q1_velocity_envelope,velocity_dynamic,128,4,512,0,independent_capped_parallel,4,photon_integral,1,1.902865800075233,488514,3268,2951204,269.06784492093834
q1_velocity_envelope,velocity_dynamic,128,4,512,0,shared_serial,1,photon_integral,1,7.964345199987292,1663,5,10009,64.2865153560668
r0,rabi_straggler,64,1,64,0,independent_serial,1,photon_integral,1,0.22535250009968877,5348,127,32914,283.99951175020664
r0,rabi_straggler,64,1,64,0,independent_rayon,4,photon_integral,1,0.09267639997415245,5348,127,32914,690.5749469967508
r0,rabi_straggler,64,1,64,0,shared_serial,1,photon_integral,1,2.1818641999270767,686,1,4123,29.33271465847372
r0,detuning_straggler,64,1,64,0,independent_serial,1,photon_integral,1,0.34570519998669624,8505,126,51850,185.12883231858504
r0,detuning_straggler,64,1,64,0,independent_rayon,4,photon_integral,1,0.21735960012301803,8505,126,51850,294.4429413919524
r0,detuning_straggler,64,1,64,0,shared_serial,1,photon_integral,1,12.399720299988985,3843,0,23059,5.161406745606742
r2_full,rabi_narrow,4,1,4,0,independent_serial,1,photon_integral,1,44.632099699927494,113836,0,683020,0.08962159582213199
r2_full,rabi_narrow,4,1,4,0,independent_rayon,4,photon_integral,1,16.554142399923876,113836,0,683020,0.2416313635201298
r2_full,rabi_narrow,4,1,4,0,shared_serial,1,photon_integral,1,45.424914499977604,28465,0,170791,0.08805740294793449
